study,dataset,method,seed,case,kind,wait,mse,nmse,difference_error,difference_target_energy,difference_output_energy,repeat_mse,wrong_mse,wrong_ratio,repeat_vs_difference,source_file,source_pointer
pi4,screen,fixed_mse,727,ring4,general,0,0.02647635931446708,0.035459230449430994,,,,3.329750431915631e-05,0.02652399998788532,1.0017993664783138,,results/source_records/pi4/run/summary.json,/records/0
pi4,screen,fixed_mse,727,ring8,general,0,0.018458332910477337,0.024720856542662706,,,,3.8764683626555027e-05,0.01856850806100312,1.0059688570500993,,results/source_records/pi4/run/summary.json,/records/1
pi4,screen,fixed_mse,727,long8,general,0,0.12322977737293195,0.16503904567087657,,,,6.872241262824496e-05,0.12283496053574981,0.9967960922627711,,results/source_records/pi4/run/summary.json,/records/2
pi4,screen,fixed_mse,727,reset_iso,reset,0,0.04754758418432512,0.17431165868803838,0.9988894170618601,0.08296559125478338,4.050848970900576e-06,5.555686117160035e-05,0.04759567969446619,1.001011523739137,0.0006696373801638787,results/source_records/pi4/run/summary.json,/records/3
pi4,screen,fixed_mse,727,reset_iso,reset,256,0.04670723557021402,0.17123090151993411,0.9991303910267678,0.08296559125478338,3.930807785503396e-06,5.25854714267198e-05,0.04674527478606752,1.000814418052987,0.0006338226562531485,results/source_records/pi4/run/summary.json,/records/4
pi4,screen,fixed_mse,727,reset_ring4,reset,0,0.0399861062800236,0.1465909284292281,0.9987800103994265,0.06332779317069659,4.675554187761514e-06,4.435960886674238e-05,0.04002707368143448,1.0010245409023821,0.0007004761518717933,results/source_records/pi4/run/summary.json,/records/5
pi4,screen,fixed_mse,727,reset_ring4,reset,256,0.03963839755353121,0.14531621203942727,0.9988986085294043,0.06332779317069659,4.66333852044596e-06,3.452173275177321e-05,0.03967560356815698,1.0009386356896874,0.000545127676543564,results/source_records/pi4/run/summary.json,/records/6
pi4,screen,fixed_mse,727,reset_null,reset,0,0.05236276730702125,0.19196434433763895,,0.0,0.0,3.894732157416591e-05,0.05236276730702125,1.0,,results/source_records/pi4/run/summary.json,/records/7
pi4,screen,fixed_mse,727,reset_null,reset,256,0.05133234764401438,0.18818677784956675,,0.0,0.0,3.3513957917048515e-05,0.05133234764401438,1.0,,results/source_records/pi4/run/summary.json,/records/8
pi4,screen,fixed_mse,733,ring4,general,0,0.023740063132206817,0.03179456659771903,,,,0.00016635809560653944,0.023640877685064714,0.9958220226041631,,results/source_records/pi4/run/summary.json,/records/9
pi4,screen,fixed_mse,733,ring8,general,0,0.01826740021831712,0.024465144409010705,,,,0.00017610678542300426,0.01805978466806569,0.9886346416145604,,results/source_records/pi4/run/summary.json,/records/10
pi4,screen,fixed_mse,733,long8,general,0,0.13640576945214364,0.18268537438199034,,,,0.0014233869823805038,0.13535838667722036,0.9923215654357587,,results/source_records/pi4/run/summary.json,/records/11
pi4,screen,fixed_mse,733,reset_iso,reset,0,0.0512198937363118,0.1877745165851122,1.0003671502323528,0.08296559125478338,2.982878166525726e-05,0.0004322678129810368,0.051219577709149165,0.9999938299918336,0.0052102058991367025,results/source_records/pi4/run/summary.json,/records/12
pi4,screen,fixed_mse,733,reset_iso,reset,256,0.05067126035681999,0.18576320105706973,1.0006577472854001,0.08296559125478338,2.765839896686706e-05,0.0003909281949430541,0.05065780436017838,0.9997344451954252,0.0047119316457654385,results/source_records/pi4/run/summary.json,/records/13
pi4,screen,fixed_mse,733,reset_ring4,reset,0,0.04530757777811545,0.1660996908491558,0.9921463943653874,0.06332779317069659,5.136921406502051e-05,0.0006121144067872177,0.045581938142558176,1.0060555072219122,0.009665809846512366,results/source_records/pi4/run/summary.json,/records/14
pi4,screen,fixed_mse,733,reset_ring4,reset,256,0.04463291434248254,0.16362634326401998,0.9916968310564174,0.06332779317069659,4.9818370780183096e-05,0.0005809151178769288,0.04492073421145056,1.0064486012891627,0.00917314639894531,results/source_records/pi4/run/summary.json,/records/15
pi4,screen,fixed_mse,733,reset_null,reset,0,0.06290832896489186,0.23062486465459764,,0.0,0.0,0.0004421353217423616,0.06290832896489186,1.0,,results/source_records/pi4/run/summary.json,/records/16
pi4,screen,fixed_mse,733,reset_null,reset,256,0.0619816420437056,0.22722758723056943,,0.0,0.0,0.0004307666022337145,0.0619816420437056,1.0,,results/source_records/pi4/run/summary.json,/records/17
pi4,screen,fixed_mse,739,ring4,general,0,0.023524494509115822,0.031505860080593265,,,,6.105209611486316e-05,0.02365467763219577,1.0055339392321267,,results/source_records/pi4/run/summary.json,/records/18
pi4,screen,fixed_mse,739,ring8,general,0,0.019145161602618,0.025640711745737756,,,,6.0710300657494086e-05,0.019013214786714677,0.9931080855496524,,results/source_records/pi4/run/summary.json,/records/19
pi4,screen,fixed_mse,739,long8,general,0,0.13442205185038014,0.18002862317416515,,,,8.525077460848411e-05,0.13448883350752508,1.0004968058159034,,results/source_records/pi4/run/summary.json,/records/20
pi4,screen,fixed_mse,739,reset_iso,reset,0,0.05022310611043315,0.1841202467119459,0.9990641984032946,0.08296559125478338,4.819856198487919e-06,4.1086638585146675e-05,0.05026433570515365,1.0008209288097363,0.0004952250440664199,results/source_records/pi4/run/summary.json,/records/21
pi4,screen,fixed_mse,739,reset_iso,reset,256,0.050466170789222047,0.1850113331478817,0.9990376574500457,0.08296559125478338,3.0919274748999152e-06,2.8473194483254052e-05,0.05050763741258297,1.0008216716805027,0.00034319281105120106,results/source_records/pi4/run/summary.json,/records/22
pi4,screen,fixed_mse,739,reset_ring4,reset,0,0.040968748020307935,0.15019333882680053,0.9966566376626278,0.06332779317069659,6.874132177702082e-06,4.6927526769563855e-05,0.04107804896564358,1.00266791031255,0.000741025771150327,results/source_records/pi4/run/summary.json,/records/23
pi4,screen,fixed_mse,739,reset_ring4,reset,256,0.04093539718450864,0.15007107310906667,0.997344499936608,0.06332779317069659,4.319315950826171e-06,2.9808058354546882e-05,0.04102164032189987,1.0021068108122295,0.0004706947275772092,results/source_records/pi4/run/summary.json,/records/24
pi4,screen,fixed_mse,739,reset_null,reset,0,0.050002557562609684,0.18331170546107367,,0.0,0.0,3.764817226515009e-05,0.050002557562609684,1.0,,results/source_records/pi4/run/summary.json,/records/25
pi4,screen,fixed_mse,739,reset_null,reset,256,0.050429640604024106,0.18487741178713812,,0.0,0.0,2.5458093200311427e-05,0.050429640604024106,1.0,,results/source_records/pi4/run/summary.json,/records/26
pi4,screen,fixed_behavior,727,ring4,general,0,0.025372585943119,0.03398097001816426,,,,0.0084450757236818,0.029169358218492366,1.1496407297184876,,results/source_records/pi4/run/summary.json,/records/27
pi4,screen,fixed_behavior,727,ring8,general,0,0.020737484986534705,0.02777327692019013,,,,0.005839256370266292,0.027682136398792353,1.3348839754081538,,results/source_records/pi4/run/summary.json,/records/28
pi4,screen,fixed_behavior,727,long8,general,0,0.11834704723023447,0.15849970801890234,,,,0.0692034207353433,0.16563209121683553,1.3995456168383473,,results/source_records/pi4/run/summary.json,/records/29
pi4,screen,fixed_behavior,727,reset_iso,reset,0,0.06045184994440137,0.22161929812709305,0.7101063707859675,0.08296559125478338,0.023715730831355267,0.04542759219700692,0.08433531353296403,1.3950824269319912,0.5475473809075976,results/source_records/pi4/run/summary.json,/records/30
pi4,screen,fixed_behavior,727,reset_iso,reset,256,0.06025378539467289,0.2208931842606844,0.7096781867960226,0.08296559125478338,0.023426811748290016,0.045308420528347236,0.08401055175891592,1.3942784043962058,0.5461109821926928,results/source_records/pi4/run/summary.json,/records/31
pi4,screen,fixed_behavior,727,reset_ring4,reset,0,0.03261231040683294,0.11955824923989065,0.5769067837189625,0.06332779317069659,0.0215802502117839,0.03168746809897859,0.05679921544532798,1.7416495408257673,0.5003722143540793,results/source_records/pi4/run/summary.json,/records/32
pi4,screen,fixed_behavior,727,reset_ring4,reset,256,0.0325345938213385,0.11927333661693612,0.5764140989370882,0.06332779317069659,0.02142130248498722,0.03171034956803115,0.056657625315576714,1.7414578963766445,0.5007335323142817,results/source_records/pi4/run/summary.json,/records/33
pi4,screen,fixed_behavior,727,reset_null,reset,0,0.037793303351602796,0.13855201073895715,,0.0,0.0,0.02924882440423437,0.037793303351602796,1.0,,results/source_records/pi4/run/summary.json,/records/34
pi4,screen,fixed_behavior,727,reset_null,reset,256,0.03723515776818756,0.13650582302819253,,0.0,0.0,0.028934094869724713,0.03723515776818756,1.0,,results/source_records/pi4/run/summary.json,/records/35
pi4,screen,fixed_behavior,733,ring4,general,0,0.02077396968266695,0.027822140105368456,,,,0.0070299890496075094,0.037931956284334746,1.8259368268927338,,results/source_records/pi4/run/summary.json,/records/36
pi4,screen,fixed_behavior,733,ring8,general,0,0.014656492074193742,0.019629131175717143,,,,0.006426879175586435,0.028172734005100588,1.9222017016408328,,results/source_records/pi4/run/summary.json,/records/37
pi4,screen,fixed_behavior,733,long8,general,0,0.08105937666004827,0.10856111608612734,,,,0.0589605436315468,0.17179490950754497,2.1193712138699126,,results/source_records/pi4/run/summary.json,/records/38
pi4,screen,fixed_behavior,733,reset_iso,reset,0,0.0424779852118819,0.15572627268095968,0.4847768887293778,0.08296559125478338,0.04684755814103978,0.03505991616580684,0.08727465917145245,2.054585657396954,0.42258381620085733,results/source_records/pi4/run/summary.json,/records/39
pi4,screen,fixed_behavior,733,reset_iso,reset,256,0.04251046968685851,0.15584536227955698,0.4840646038158771,0.08296559125478338,0.04680376130172825,0.035289703977323034,0.08731479289266107,2.0539597312342366,0.4253534922562057,results/source_records/pi4/run/summary.json,/records/40
pi4,screen,fixed_behavior,733,reset_ring4,reset,0,0.028157412263447146,0.10322638510880319,0.42110551183496864,0.06332779317069659,0.04132776542705134,0.029290405036414297,0.06715135024322849,2.384855171169325,0.46252053908563684,results/source_records/pi4/run/summary.json,/records/41
pi4,screen,fixed_behavior,733,reset_ring4,reset,256,0.028106360196214337,0.10303922585199835,0.421074914469401,0.06332779317069659,0.04149110416428648,0.02925562146020033,0.06718293640220581,2.390310802721966,0.4619712766769467,results/source_records/pi4/run/summary.json,/records/42
pi4,screen,fixed_behavior,733,reset_null,reset,0,0.03172078271000339,0.116289867170294,,0.0,0.0,0.031246501701039753,0.03172078271000339,1.0,,results/source_records/pi4/run/summary.json,/records/43
pi4,screen,fixed_behavior,733,reset_null,reset,256,0.031552953411733545,0.11567459714428266,,0.0,0.0,0.0313479507411579,0.031552953411733545,1.0,,results/source_records/pi4/run/summary.json,/records/44
pi4,screen,fixed_behavior,739,ring4,general,0,0.023558002496356756,0.03155073662224163,,,,0.009979768758659137,0.03917185452361868,1.6627833590592669,,results/source_records/pi4/run/summary.json,/records/45
pi4,screen,fixed_behavior,739,ring8,general,0,0.01969377566030674,0.026375458999630504,,,,0.007644053523331741,0.03367172110394709,1.7097646324779265,,results/source_records/pi4/run/summary.json,/records/46
pi4,screen,fixed_behavior,739,long8,general,0,0.09657151821965426,0.1293362005980568,,,,0.09114339088269334,0.21830923328933627,2.2605964710297566,,results/source_records/pi4/run/summary.json,/records/47
pi4,screen,fixed_behavior,739,reset_iso,reset,0,0.047767818289865684,0.17511904717885277,0.3738809412481381,0.08296559125478338,0.0684128540253918,0.05969851789441449,0.10794741414382104,2.2598355547404796,0.7195575538187052,results/source_records/pi4/run/summary.json,/records/48
pi4,screen,fixed_behavior,739,reset_iso,reset,256,0.04670707191213319,0.17123030154178556,0.37094461157646186,0.08296559125478338,0.06829259103671705,0.059906036534753314,0.10694834333277385,2.2897676723124163,0.7220588153320662,results/source_records/pi4/run/summary.json,/records/49
pi4,screen,fixed_behavior,739,reset_ring4,reset,0,0.042623768915428704,0.15626072252969261,0.4108914826272411,0.06332779317069659,0.05663889184418632,0.05549942271866485,0.08959668604329511,2.1020357496087922,0.8763833372350305,results/source_records/pi4/run/summary.json,/records/50
pi4,screen,fixed_behavior,739,reset_ring4,reset,256,0.04167761621957489,0.15279208266889377,0.4077992939549976,0.06332779317069659,0.0572270950020792,0.05581361085757806,0.08904254571679172,2.136459658529385,0.8813446365821643,results/source_records/pi4/run/summary.json,/records/51
pi4,screen,fixed_behavior,739,reset_null,reset,0,0.03979216121207322,0.1458799167749296,,0.0,0.0,0.0549961190947986,0.03979216121207322,1.0,,results/source_records/pi4/run/summary.json,/records/52
pi4,screen,fixed_behavior,739,reset_null,reset,256,0.03815606367076078,0.13988190696866878,,0.0,0.0,0.0558506627691115,0.03815606367076078,1.0,,results/source_records/pi4/run/summary.json,/records/53
pi4,screen,free_mse,727,ring4,general,0,0.026414032101497203,0.03537575692568402,,,,3.2321175134498454e-05,0.026723223117271478,1.01170555917348,,results/source_records/pi4/run/summary.json,/records/54
pi4,screen,free_mse,727,ring8,general,0,0.026481240527694766,0.035465767755510635,,,,3.259315796948073e-05,0.026366401730361616,0.9956633905721657,,results/source_records/pi4/run/summary.json,/records/55
pi4,screen,free_mse,727,long8,general,0,0.23308495590173903,0.3121657727729619,,,,3.271662521759693e-05,0.23322030107530864,1.000580668851175,,results/source_records/pi4/run/summary.json,/records/56
pi4,screen,free_mse,727,reset_iso,reset,0,0.08941905834832202,0.32781443361231694,0.9993272873365531,0.08296559125478338,1.0690625777822141e-06,1.687278470276939e-05,0.08944749888139532,1.0003180589641474,0.00020337087276282853,results/source_records/pi4/run/summary.json,/records/57
pi4,screen,free_mse,727,reset_iso,reset,256,0.08931342164106133,0.32742716452227083,0.9999757277941113,0.08296559125478338,4.695108036117914e-09,6.928409259423943e-08,0.08931443086758777,1.0000112998305057,8.350943029077112e-07,results/source_records/pi4/run/summary.json,/records/58
pi4,screen,free_mse,727,reset_ring4,reset,0,0.06785921406200998,0.24877504006428863,0.999698886467549,0.06332779317069659,1.541838211148219e-06,1.561577819657884e-05,0.06786951940880205,1.000151863633178,0.000246586489355272,results/source_records/pi4/run/summary.json,/records/59
pi4,screen,free_mse,727,reset_ring4,reset,256,0.06672528623903673,0.24461800783971255,0.9999767431974436,0.06332779317069659,9.085945792762905e-09,1.1426039455629268e-07,0.06672602718300658,1.000011104395524,1.804269323712419e-06,results/source_records/pi4/run/summary.json,/records/60
pi4,screen,free_mse,727,reset_null,reset,0,0.06971812131357755,0.2555898806482354,,0.0,0.0,1.7280335646861054e-05,0.06971812131357755,1.0,,results/source_records/pi4/run/summary.json,/records/61
pi4,screen,free_mse,727,reset_null,reset,256,0.06864965203933376,0.2516728225127763,,0.0,0.0,8.364482274895514e-08,0.06864965203933376,1.0,,results/source_records/pi4/run/summary.json,/records/62
pi4,screen,free_mse,733,ring4,general,0,0.020671661809590042,0.027685121325515177,,,,0.00011838841940555184,0.021020153456283008,1.0168584243445435,,results/source_records/pi4/run/summary.json,/records/63
pi4,screen,free_mse,733,ring8,general,0,0.01598945380302454,0.02141433874755488,,,,0.0001497528761952979,0.015854850995552408,0.9915817757673079,,results/source_records/pi4/run/summary.json,/records/64
pi4,screen,free_mse,733,long8,general,0,0.11581999570962971,0.15511528113594544,,,,8.06728509674837e-05,0.11567846263326241,0.9987779910066468,,results/source_records/pi4/run/summary.json,/records/65
pi4,screen,free_mse,733,reset_iso,reset,0,0.04656377199034589,0.1707049573526933,1.0002412533937217,0.08296559125478338,5.889969102660039e-06,7.040608890685974e-05,0.04655670910958049,0.9998483181137717,0.0008486179371716402,results/source_records/pi4/run/summary.json,/records/66
pi4,screen,free_mse,733,reset_iso,reset,256,0.046414350171454816,0.17015717000362177,1.000012138278559,0.08296559125478338,3.419153460481623e-09,4.043165272372089e-08,0.046413848351301155,0.9999891882542402,4.873303753065197e-07,results/source_records/pi4/run/summary.json,/records/67
pi4,screen,free_mse,733,reset_ring4,reset,0,0.04068658873455173,0.1491589297404476,1.0002206547340862,0.06332779317069659,6.218510417866776e-06,6.83494670836128e-05,0.04068271120101536,0.9999046975021262,0.0010792965246614636,results/source_records/pi4/run/summary.json,/records/68
pi4,screen,free_mse,733,reset_ring4,reset,256,0.039757364629669834,0.14575235088279306,1.0000105007280962,0.06332779317069659,8.240099539602304e-09,8.75036573059737e-08,0.03975703625574189,0.9999917405509393,1.3817575652780508e-06,results/source_records/pi4/run/summary.json,/records/69
pi4,screen,free_mse,733,reset_null,reset,0,0.055961107813926915,0.2051560282694981,,0.0,0.0,8.709758920478018e-05,0.055961107813926915,1.0,,results/source_records/pi4/run/summary.json,/records/70
pi4,screen,free_mse,733,reset_null,reset,256,0.05443749525855037,0.199570393661943,,0.0,0.0,5.1002749657388206e-08,0.05443749525855037,1.0,,results/source_records/pi4/run/summary.json,/records/71
pi4,screen,free_mse,739,ring4,general,0,0.02192805183664991,0.02936777802973733,,,,2.4132476498470027e-05,0.021967549145000247,1.001801222864875,,results/source_records/pi4/run/summary.json,/records/72
pi4,screen,free_mse,739,ring8,general,0,0.01724729150906183,0.023098934297744015,,,,2.593863779672848e-05,0.017142029439155045,0.9938968927468131,,results/source_records/pi4/run/summary.json,/records/73
pi4,screen,free_mse,739,long8,general,0,0.10606186944337136,0.14204642812937546,,,,2.7379690366027583e-05,0.10589483818999601,0.9984251526561624,,results/source_records/pi4/run/summary.json,/records/74
pi4,screen,free_mse,739,reset_iso,reset,0,0.04377730061231666,0.1604896234693129,1.0008333820288255,0.08296559125478338,2.082660909825518e-06,2.7976127572105594e-05,0.04374377092652441,0.9992340851234939,0.00033720156933724773,results/source_records/pi4/run/summary.json,/records/75
pi4,screen,free_mse,739,reset_iso,reset,256,0.044192648664787414,0.16201230877921957,1.0000127992805503,0.08296559125478338,4.663904743856097e-09,5.904066667076514e-08,0.044192120046804055,0.9999880383276556,7.116283483047094e-07,results/source_records/pi4/run/summary.json,/records/76
pi4,screen,free_mse,739,reset_ring4,reset,0,0.033698146444706374,0.12353897473987017,0.9997857760342723,0.06332779317069659,3.4250063621052703e-06,2.5609550776265204e-05,0.033706642113232536,1.0002521108554177,0.0004043967031542701,results/source_records/pi4/run/summary.json,/records/77
pi4,screen,free_mse,739,reset_ring4,reset,256,0.033540405020274694,0.12296068732930673,0.9999985824477672,0.06332779317069659,1.6482270434089233e-08,1.3407001852567865e-07,0.03354045814662784,1.0000015839508531,2.117080223596301e-06,results/source_records/pi4/run/summary.json,/records/78
pi4,screen,free_mse,739,reset_null,reset,0,0.03780694184656184,0.13860201009684467,,0.0,0.0,2.5352574656687264e-05,0.03780694184656184,1.0,,results/source_records/pi4/run/summary.json,/records/79
pi4,screen,free_mse,739,reset_null,reset,256,0.0382871377446451,0.14036243062979112,,0.0,0.0,5.389916804482487e-08,0.0382871377446451,1.0,,results/source_records/pi4/run/summary.json,/records/80
pi4,screen,free_behavior,727,ring4,general,0,0.027262558094989134,0.03651216991918506,,,,0.00032135289350083274,0.026980286527642127,0.9896461819040052,,results/source_records/pi4/run/summary.json,/records/81
pi4,screen,free_behavior,727,ring8,general,0,0.0255048540697685,0.0341581139346776,,,,0.00022404114709111093,0.025871279207638893,1.014366878432946,,results/source_records/pi4/run/summary.json,/records/82
pi4,screen,free_behavior,727,long8,general,0,0.25243131015061865,0.33807593759280957,,,,0.0009244880280785328,0.2542023751523388,1.0070160274518378,,results/source_records/pi4/run/summary.json,/records/83
pi4,screen,free_behavior,727,reset_iso,reset,0,0.09684940452897738,0.35505442886329225,0.9937766547454214,0.08296559125478338,4.698388322631501e-05,0.0002878580836510734,0.0971310582282186,1.002908161393568,0.003469608054344782,results/source_records/pi4/run/summary.json,/records/84
pi4,screen,free_behavior,727,reset_iso,reset,256,0.10094554321261319,0.37007106410164325,1.0001671300573614,0.08296559125478338,3.0554512025588814e-08,1.8723747993399974e-07,0.10093862546789606,0.9999314705285942,2.2568088421018102e-06,results/source_records/pi4/run/summary.json,/records/85
pi4,screen,free_behavior,727,reset_ring4,reset,0,0.07654732740678231,0.2806260683336956,0.9901552932114568,0.06332779317069659,3.688286145175589e-05,0.00030390456779282705,0.07687749061519972,1.0043131905397935,0.004798912966596972,results/source_records/pi4/run/summary.json,/records/86
pi4,screen,free_behavior,727,reset_ring4,reset,256,0.07845554229669971,0.2876216730168956,1.0002350360020618,0.06332779317069659,2.450057048389063e-08,2.014216528388883e-07,0.07844811239132925,0.9999052978903343,3.1806201156570747e-06,results/source_records/pi4/run/summary.json,/records/87
pi4,screen,free_behavior,727,reset_null,reset,0,0.07954693090584633,0.29162275450183667,,0.0,0.0,0.0004567121115585853,0.07954693090584633,1.0,,results/source_records/pi4/run/summary.json,/records/88
pi4,screen,free_behavior,727,reset_null,reset,256,0.08221076048801164,0.3013884778481466,,0.0,0.0,2.930262787880678e-07,0.08221076048801164,1.0,,results/source_records/pi4/run/summary.json,/records/89
pi4,screen,free_behavior,733,ring4,general,0,0.021200865292434302,0.028393872405296852,,,,0.00011009134425025357,0.02116083409481243,0.9981118130288692,,results/source_records/pi4/run/summary.json,/records/90
pi4,screen,free_behavior,733,ring8,general,0,0.015773685376542054,0.021125364637954662,,,,8.53520258520764e-05,0.015851755400106124,1.0049493838440682,,results/source_records/pi4/run/summary.json,/records/91
pi4,screen,free_behavior,733,long8,general,0,0.11733205736765003,0.15714035347118127,,,,8.888736952289541e-05,0.117577825470701,1.002094637293207,,results/source_records/pi4/run/summary.json,/records/92
pi4,screen,free_behavior,733,reset_iso,reset,0,0.04861496635340173,0.17822473144531037,1.0013196225564716,0.08296559125478338,7.773679150680728e-06,5.829018694956583e-05,0.04856411155962418,0.9989539272040658,0.0007025826739492454,results/source_records/pi4/run/summary.json,/records/93
pi4,screen,free_behavior,733,reset_iso,reset,256,0.0483692046801232,0.17732375770193246,1.000028885395318,0.08296559125478338,6.434267028600405e-09,4.7094507633861486e-08,0.04836800965028797,0.9999752935810475,5.676390286816193e-07,results/source_records/pi4/run/summary.json,/records/94
pi4,screen,free_behavior,733,reset_ring4,reset,0,0.041741776090925276,0.15302729574623838,1.00072316251466,0.06332779317069659,1.0751623181797518e-05,6.681747703472691e-05,0.04172425375935717,0.9995802207474369,0.0010551050919242373,results/source_records/pi4/run/summary.json,/records/95
pi4,screen,free_behavior,733,reset_ring4,reset,256,0.040749919896265765,0.1493911047296588,0.9999919269175478,0.06332779317069659,1.010512212377085e-08,6.508330451499103e-08,0.04075018057407098,1.00000639701393,1.0277210251044524e-06,results/source_records/pi4/run/summary.json,/records/96
pi4,screen,free_behavior,733,reset_null,reset,0,0.05853726023565555,0.21460032306108848,,0.0,0.0,9.726301931202687e-05,0.05853726023565555,1.0,,results/source_records/pi4/run/summary.json,/records/97
pi4,screen,free_behavior,733,reset_null,reset,256,0.05626973956436604,0.20628748664463406,,0.0,0.0,7.753079318881525e-08,0.05626973956436604,1.0,,results/source_records/pi4/run/summary.json,/records/98
pi4,screen,free_behavior,739,ring4,general,0,0.02180157860477094,0.02919839509375224,,,,4.953746308699518e-05,0.021825859428791408,1.0011137186192176,,results/source_records/pi4/run/summary.json,/records/99
pi4,screen,free_behavior,739,ring8,general,0,0.017224776042012797,0.023068779806891038,,,,5.2392004851968825e-05,0.017145402004574994,0.995391868245822,,results/source_records/pi4/run/summary.json,/records/100
pi4,screen,free_behavior,739,long8,general,0,0.10708960081941506,0.14342284711774186,,,,5.7951261713430944e-05,0.10699061995749941,0.999075719200013,,results/source_records/pi4/run/summary.json,/records/101
pi4,screen,free_behavior,739,reset_iso,reset,0,0.04436132525409903,0.16263068501366224,1.001069024704979,0.08296559125478338,5.673368013511382e-06,4.9367101358609816e-05,0.04431981580469482,0.999064287435814,0.0005950310316840364,results/source_records/pi4/run/summary.json,/records/102
pi4,screen,free_behavior,739,reset_iso,reset,256,0.04456561780917257,0.16337963103780592,1.0000410980148542,0.08296559125478338,1.2852810505131404e-08,1.1039900505989694e-07,0.0445639193750215,0.9999618891370845,1.3306601374160869e-06,results/source_records/pi4/run/summary.json,/records/103
pi4,screen,free_behavior,739,reset_ring4,reset,0,0.03397916755155148,0.12456921120931141,1.0001220734146872,0.06332779317069659,7.346715254523747e-06,5.282884074197751e-05,0.033978975589040505,0.9999943505822888,0.0008342125644514451,results/source_records/pi4/run/summary.json,/records/104
pi4,screen,free_behavior,739,reset_ring4,reset,256,0.03368180601423066,0.12347906996050521,0.999987180159551,0.06332779317069659,3.9652576218385325e-08,2.8649160773458077e-07,0.03368223176661217,1.0000126404261496,4.52394743903926e-06,results/source_records/pi4/run/summary.json,/records/105
pi4,screen,free_behavior,739,reset_null,reset,0,0.03774287414979615,0.13836713493582165,,0.0,0.0,5.4406396500938135e-05,0.03774287414979615,1.0,,results/source_records/pi4/run/summary.json,/records/106
pi4,screen,free_behavior,739,reset_null,reset,256,0.03810615314760932,0.13969893266564654,,0.0,0.0,1.241004694859351e-07,0.03810615314760932,1.0,,results/source_records/pi4/run/summary.json,/records/107
pi4,screen,ode_behavior,727,ring4,general,0,0.027167354041972226,0.03638466513593483,,,,2.6805659781570112e-05,0.027308284422115914,1.0051874901002857,,results/source_records/pi4/run/summary.json,/records/108
pi4,screen,ode_behavior,727,ring8,general,0,0.0247651420171914,0.03316743316067026,,,,2.7546113963693388e-05,0.024797381127742924,1.001301793889538,,results/source_records/pi4/run/summary.json,/records/109
pi4,screen,ode_behavior,727,long8,general,0,0.3386239495272531,0.45351192433101495,,,,0.0005493201930664838,0.3378749356486168,0.9977880658480242,,results/source_records/pi4/run/summary.json,/records/110
pi4,screen,ode_behavior,727,reset_iso,reset,0,0.0708186091369336,0.2596243202763674,0.9989360752182197,0.08296559125478338,7.290149315714827e-05,0.0004245950947807257,0.07089919445620724,1.0011379116344663,0.005117725172075425,results/source_records/pi4/run/summary.json,/records/111
pi4,screen,ode_behavior,727,reset_iso,reset,256,0.06976838393546077,0.2557741457616113,0.9995804787407843,0.08296559125478338,6.43837613961984e-05,0.00036232918820920814,0.06981797872925226,1.0007108491123626,0.004367222395806383,results/source_records/pi4/run/summary.json,/records/112
pi4,screen,ode_behavior,727,reset_ring4,reset,0,0.07039580792149014,0.2580743113237871,0.9975127612617708,0.06332779317069659,8.74784078575124e-05,0.0005167090583807397,0.07051830279546079,1.0017400876215137,0.008159277822740148,results/source_records/pi4/run/summary.json,/records/113
pi4,screen,ode_behavior,727,reset_ring4,reset,256,0.0693317327769192,0.2541733622724151,1.0008178033560722,0.06332779317069659,7.340941734417665e-05,0.00042083319487553613,0.0693425426445043,1.0001559151510013,0.006645315963264398,results/source_records/pi4/run/summary.json,/records/114
pi4,screen,ode_behavior,727,reset_null,reset,0,0.09942992864051321,0.36451475047337684,,0.0,0.0,0.0005206836757619375,0.09942992864051321,1.0,,results/source_records/pi4/run/summary.json,/records/115
pi4,screen,ode_behavior,727,reset_null,reset,256,0.09725834663569133,0.3565536296776249,,0.0,0.0,0.0004629511232860674,0.09725834663569133,1.0,,results/source_records/pi4/run/summary.json,/records/116
pi4,screen,ode_behavior,733,ring4,general,0,0.031075938183292757,0.04161934956334949,,,,9.528827913959941e-05,0.03126815527548099,1.0061853994899363,,results/source_records/pi4/run/summary.json,/records/117
pi4,screen,ode_behavior,733,ring8,general,0,0.02373337528726779,0.03178560970783525,,,,0.00012067006484104532,0.023522174352416245,0.9911010999364743,,results/source_records/pi4/run/summary.json,/records/118
pi4,screen,ode_behavior,733,long8,general,0,0.3094708213302337,0.41446775368875216,,,,0.0001974614951220975,0.3104655168249353,1.003214181842495,,results/source_records/pi4/run/summary.json,/records/119
pi4,screen,ode_behavior,733,reset_iso,reset,0,0.06171429260644121,0.22624747173872425,0.9985484204676317,0.08296559125478338,1.9796136992132548e-05,0.00015683283739514493,0.061784406251873085,1.0011361006092867,0.0018903359214727797,results/source_records/pi4/run/summary.json,/records/120
pi4,screen,ode_behavior,733,reset_iso,reset,256,0.06160621262520111,0.22585124549244642,0.9979379167624607,0.08296559125478338,1.7904027734668884e-05,0.00014371991188006275,0.061700705616861196,1.001533822444742,0.0017322833442927651,results/source_records/pi4/run/summary.json,/records/121
pi4,screen,ode_behavior,733,reset_ring4,reset,0,0.05718677419680664,0.20964937832845582,0.9962553086005457,0.06332779317069659,2.7686955892209414e-05,0.0002151225787463387,0.057319189196027964,1.0023154829255734,0.00339696945015102,results/source_records/pi4/run/summary.json,/records/122
pi4,screen,ode_behavior,733,reset_ring4,reset,256,0.05698736596722539,0.20891833846910976,0.9958452303061522,0.06332779317069659,2.6287596216972505e-05,0.00019553752491275855,0.057132065963276024,1.0025391592258162,0.0030877047047210044,results/source_records/pi4/run/summary.json,/records/123
pi4,screen,ode_behavior,733,reset_null,reset,0,0.08507715370769191,0.3118968089262864,,0.0,0.0,0.0001388223349218648,0.08507715370769191,1.0,,results/source_records/pi4/run/summary.json,/records/124
pi4,screen,ode_behavior,733,reset_null,reset,256,0.08499291887843811,0.31158800011804894,,0.0,0.0,0.0001387035343742492,0.08499291887843811,1.0,,results/source_records/pi4/run/summary.json,/records/125
pi4,screen,ode_behavior,739,ring4,general,0,0.03129782762666633,0.04191652142196603,,,,7.679090345524165e-05,0.03140385830562068,1.0033877967576257,,results/source_records/pi4/run/summary.json,/records/126
pi4,screen,ode_behavior,739,ring8,general,0,0.022745953876618676,0.03046317700721174,,,,8.703982887311593e-05,0.022645101142196516,0.9955661242008483,,results/source_records/pi4/run/summary.json,/records/127
pi4,screen,ode_behavior,739,long8,general,0,0.2991032823483292,0.40058272706608,,,,0.0007147255076022965,0.30094398914763415,1.006154084250942,,results/source_records/pi4/run/summary.json,/records/128
pi4,screen,ode_behavior,739,reset_iso,reset,0,0.06599930057972499,0.24195651059165513,0.9961322988260654,0.08296559125478338,5.563068051924751e-05,0.000492127169452661,0.06618755897766888,1.0028524301968396,0.005931702070818273,results/source_records/pi4/run/summary.json,/records/129
pi4,screen,ode_behavior,739,reset_iso,reset,256,0.06585466558008045,0.24142627194494184,0.9954078799281298,0.08296559125478338,4.8739615562287593e-05,0.00043032419814137174,0.06606952936661824,1.0032626964945484,0.005186779141003969,results/source_records/pi4/run/summary.json,/records/130
pi4,screen,ode_behavior,739,reset_ring4,reset,0,0.06130601241799046,0.2247506975475809,1.0047947169263194,0.06332779317069659,0.0001272665768065442,0.0007168164220719757,0.06121782628500375,0.9985615418535877,0.01131914418902671,results/source_records/pi4/run/summary.json,/records/131
pi4,screen,ode_behavior,739,reset_ring4,reset,256,0.061080829219829956,0.22392516545266164,1.0011547434609556,0.06332779317069659,0.00011092129852242819,0.0006215616560854392,0.06109972619120674,1.000309376470787,0.009814989990414696,results/source_records/pi4/run/summary.json,/records/132
pi4,screen,ode_behavior,739,reset_null,reset,0,0.08496437573369599,0.31148335961970347,,0.0,0.0,0.000875851478778699,0.08496437573369599,1.0,,results/source_records/pi4/run/summary.json,/records/133
pi4,screen,ode_behavior,739,reset_null,reset,256,0.08467099607156096,0.3104078161108294,,0.0,0.0,0.0007894126106690369,0.08467099607156096,1.0,,results/source_records/pi4/run/summary.json,/records/134
c1,d01,fixed_mse,811,ring4,general,0,0.017274360062802155,0.02466653333831384,,,,0.0007303506847058506,0.018940653765720086,1.096460517024075,,results/source_records/c1/run/datasets/d01/summary.json,/records/0
c1,d01,fixed_mse,811,ring8,general,0,0.016023801040251463,0.022880825751512967,,,,0.0010552603846187257,0.017122818063731778,1.068586537034478,,results/source_records/c1/run/datasets/d01/summary.json,/records/1
c1,d01,fixed_mse,811,long8,general,0,0.1823645494159374,0.2604033504882908,,,,0.005021983127123211,0.18619397460055165,1.02099873685362,,results/source_records/c1/run/datasets/d01/summary.json,/records/2
c1,d01,fixed_mse,811,reset_iso,reset,0,0.10176007939347124,0.3862569323234487,0.9464331690552318,0.08879794704154964,0.0005160464135009325,0.0032659720569411625,0.10439641490062297,1.0259073648808579,0.03677981491411028,results/source_records/c1/run/datasets/d01/summary.json,/records/3
c1,d01,fixed_mse,811,reset_iso,reset,256,0.10232170421279564,0.3883887258629383,0.9458757374884499,0.08879794704154964,0.0005183426795944121,0.003267358745148864,0.10498393724263962,1.0260182631859551,0.03679543113333496,results/source_records/c1/run/datasets/d01/summary.json,/records/4
c1,d01,fixed_mse,811,reset_ring4,reset,0,0.04830441541634045,0.18335201218003597,0.9304443357337628,0.09364239752875307,0.0005741759959779566,0.0020582456598358567,0.051848183003732805,1.0733632227374719,0.021979847955130246,results/source_records/c1/run/datasets/d01/summary.json,/records/5
c1,d01,fixed_mse,811,reset_ring4,reset,256,0.048325995063183545,0.18343392336013645,0.930375268505977,0.09364239752875307,0.0005739264013591469,0.0020628480326133577,0.05187287166356027,1.0733947970598305,0.022028996341960982,results/source_records/c1/run/datasets/d01/summary.json,/records/6
c1,d01,fixed_mse,811,reset_null,reset,0,0.04214879544466949,0.15998675046858407,,0.0,0.0,0.0014187549632890314,0.04214879544466949,1.0,,results/source_records/c1/run/datasets/d01/summary.json,/records/7
c1,d01,fixed_mse,811,reset_null,reset,256,0.04218372835997703,0.16011934746324277,,0.0,0.0,0.0013956861759372042,0.04218372835997703,1.0,,results/source_records/c1/run/datasets/d01/summary.json,/records/8
c1,d01,fixed_mse,821,ring4,general,0,0.023936052580442433,0.03417894711101336,,,,0.00011695871495264545,0.024179089903425155,1.0101536091703485,,results/source_records/c1/run/datasets/d01/summary.json,/records/9
c1,d01,fixed_mse,821,ring8,general,0,0.020496041348098296,0.029266860559714145,,,,0.00011516263669123335,0.020852998207479313,1.0174158928213781,,results/source_records/c1/run/datasets/d01/summary.json,/records/10
c1,d01,fixed_mse,821,long8,general,0,0.1107326452518742,0.15811818648070736,,,,0.000610977459197598,0.11016219752338159,0.9948484231800382,,results/source_records/c1/run/datasets/d01/summary.json,/records/11
c1,d01,fixed_mse,821,reset_iso,reset,0,0.07559050225869655,0.28692347420776587,1.0031211022777926,0.08879794704154964,2.2078156833685678e-05,0.00026531654882405633,0.07546296760072264,0.9983128216619405,0.002987868049470913,results/source_records/c1/run/datasets/d01/summary.json,/records/12
c1,d01,fixed_mse,821,reset_iso,reset,256,0.07632078361228417,0.2896954476284928,1.0029905260818297,0.08879794704154964,1.8547679796341825e-05,0.0002260932791761745,0.0761972811645821,0.9983817979604419,0.002546154350509733,results/source_records/c1/run/datasets/d01/summary.json,/records/13
c1,d01,fixed_mse,821,reset_ring4,reset,0,0.04854324614095638,0.18425855651043133,1.0020859901713406,0.09364239752875307,3.025365150912681e-05,0.00038354015068540857,0.048460704404303674,0.9982996247013843,0.00409579593012494,results/source_records/c1/run/datasets/d01/summary.json,/records/14
c1,d01,fixed_mse,821,reset_ring4,reset,256,0.04828365553832395,0.18327321264640886,1.0026208939938002,0.09364239752875307,2.770704334770045e-05,0.0003571351679472058,0.04817479565945338,0.9977454093386909,0.0038138191393225144,results/source_records/c1/run/datasets/d01/summary.json,/records/15
c1,d01,fixed_mse,821,reset_null,reset,0,0.040604268222489616,0.15412409440261865,,0.0,0.0,0.00025639952154917297,0.040604268222489616,1.0,,results/source_records/c1/run/datasets/d01/summary.json,/records/16
c1,d01,fixed_mse,821,reset_null,reset,256,0.04040306265824114,0.15336036618546073,,0.0,0.0,0.00024384353082957018,0.04040306265824114,1.0,,results/source_records/c1/run/datasets/d01/summary.json,/records/17
c1,d01,fixed_mse,823,ring4,general,0,0.027970293118369894,0.03993955001391608,,,,0.00026609600614999437,0.02961169733356674,1.0586838403248204,,results/source_records/c1/run/datasets/d01/summary.json,/records/18
c1,d01,fixed_mse,823,ring8,general,0,0.02232391879749003,0.03187693698974425,,,,0.00023010841100581372,0.02302050896656731,1.0312037584169855,,results/source_records/c1/run/datasets/d01/summary.json,/records/19
c1,d01,fixed_mse,823,long8,general,0,0.14165216248470866,0.20226901463616512,,,,0.0008828143974484239,0.14321673468508037,1.0110451698931218,,results/source_records/c1/run/datasets/d01/summary.json,/records/20
c1,d01,fixed_mse,823,reset_iso,reset,0,0.09172270495044531,0.34815745869829623,0.9853880542487008,0.08879794704154964,4.562396508743169e-05,0.0003717526616849856,0.09239427232432688,1.0073217135740207,0.00418650063509957,results/source_records/c1/run/datasets/d01/summary.json,/records/21
c1,d01,fixed_mse,823,reset_iso,reset,256,0.09188155255729269,0.3487604062362059,0.9854934446622273,0.08879794704154964,4.377906984359668e-05,0.00035082492565395254,0.09254751825746887,1.007248089324143,0.00395082248342743,results/source_records/c1/run/datasets/d01/summary.json,/records/22
c1,d01,fixed_mse,823,reset_ring4,reset,0,0.04999692936183383,0.1897763904666637,0.9761705228082597,0.09364239752875307,9.59682259859361e-05,0.0003866572312859194,0.05116063816457792,1.023275605474132,0.004129082995415571,results/source_records/c1/run/datasets/d01/summary.json,/records/23
c1,d01,fixed_mse,823,reset_ring4,reset,256,0.0496258662816556,0.18836792372899594,0.9760375186564426,0.09364239752875307,8.755581767750704e-05,0.00036572426933273943,0.05079159629409489,1.023490371046081,0.0039055414959921664,results/source_records/c1/run/datasets/d01/summary.json,/records/24
c1,d01,fixed_mse,823,reset_null,reset,0,0.04261807458562263,0.16176802189121203,,0.0,0.0,0.0003153241584186639,0.04261807458562263,1.0,,results/source_records/c1/run/datasets/d01/summary.json,/records/25
c1,d01,fixed_mse,823,reset_null,reset,256,0.042545325787548216,0.16149188484668606,,0.0,0.0,0.0002848818526470604,0.042545325787548216,1.0,,results/source_records/c1/run/datasets/d01/summary.json,/records/26
c1,d01,fixed_behavior,811,ring4,general,0,0.02748566663494045,0.03924753854335032,,,,0.0018201849663844064,0.028262364799017878,1.0282582982029649,,results/source_records/c1/run/datasets/d01/summary.json,/records/27
c1,d01,fixed_behavior,811,ring8,general,0,0.021327567645608586,0.03045421980570957,,,,0.0032320297201589173,0.022232986303767802,1.0424529732224597,,results/source_records/c1/run/datasets/d01/summary.json,/records/28
c1,d01,fixed_behavior,811,long8,general,0,0.1708780496070316,0.24400146182516017,,,,0.012001157183802394,0.1760891787543598,1.0304961881254628,,results/source_records/c1/run/datasets/d01/summary.json,/records/29
c1,d01,fixed_behavior,811,reset_iso,reset,0,0.11155305469207925,0.4234287252279492,0.9575028036566967,0.08879794704154964,0.0006820886036982593,0.007362263461378279,0.11378093088940598,1.0199714494907948,0.08291028910762302,results/source_records/c1/run/datasets/d01/summary.json,/records/30
c1,d01,fixed_behavior,811,reset_iso,reset,256,0.11037658954741798,0.4189631448110428,0.9620772851320801,0.08879794704154964,0.0006334259016403039,0.007938449396234476,0.11237703211228577,1.0181237939410004,0.08939901946742056,results/source_records/c1/run/datasets/d01/summary.json,/records/31
c1,d01,fixed_behavior,811,reset_ring4,reset,0,0.0577163559542771,0.21907748823177106,0.9579112333791522,0.09364239752875307,0.0011043042652387864,0.00556748888645383,0.06023915459917395,1.0437102897988815,0.05945478793133551,results/source_records/c1/run/datasets/d01/summary.json,/records/32
c1,d01,fixed_behavior,811,reset_ring4,reset,256,0.05729765613684714,0.21748820382860598,0.9561627527153659,0.09364239752875307,0.001079295080833997,0.005544935620450287,0.05988981615047163,1.0452402452106153,0.05921394332890403,results/source_records/c1/run/datasets/d01/summary.json,/records/33
c1,d01,fixed_behavior,811,reset_null,reset,0,0.04716141957078108,0.17901347322059669,,0.0,0.0,0.00584675873995135,0.04716141957078108,1.0,,results/source_records/c1/run/datasets/d01/summary.json,/records/34
c1,d01,fixed_behavior,811,reset_null,reset,256,0.04639400939823111,0.17610056767993948,,0.0,0.0,0.005137485308903793,0.04639400939823111,1.0,,results/source_records/c1/run/datasets/d01/summary.json,/records/35
c1,d01,fixed_behavior,821,ring4,general,0,0.02296457575361478,0.032791748659132966,,,,0.004518071263560892,0.03416137194224026,1.4875681705926151,,results/source_records/c1/run/datasets/d01/summary.json,/records/36
c1,d01,fixed_behavior,821,ring8,general,0,0.01933469142179873,0.027608537092426774,,,,0.005399819331396998,0.02802092706398716,1.4492564920066535,,results/source_records/c1/run/datasets/d01/summary.json,/records/37
c1,d01,fixed_behavior,821,long8,general,0,0.07324880947207701,0.10459398752058302,,,,0.04407396931646235,0.1481865258283442,2.0230571240182957,,results/source_records/c1/run/datasets/d01/summary.json,/records/38
c1,d01,fixed_behavior,821,reset_iso,reset,0,0.04619515733763507,0.1753457727999647,0.5730402585371004,0.08879794704154964,0.0376460807084606,0.03317716751145002,0.0839747719366693,1.8178262999064465,0.3736253890636235,results/source_records/c1/run/datasets/d01/summary.json,/records/39
c1,d01,fixed_behavior,821,reset_iso,reset,256,0.046745752770288494,0.17743570142458462,0.5636940910558385,0.08879794704154964,0.03679912737900837,0.03362398040760201,0.08451685086772019,1.8080113349129534,0.3786571821516205,results/source_records/c1/run/datasets/d01/summary.json,/records/40
c1,d01,fixed_behavior,821,reset_ring4,reset,0,0.030915075158937808,0.11734623404987532,0.3928882714721569,0.09364239752875307,0.04046157805602372,0.02588391216000453,0.07957156316764499,2.5738757793263907,0.2764123179573315,results/source_records/c1/run/datasets/d01/summary.json,/records/41
c1,d01,fixed_behavior,821,reset_ring4,reset,256,0.030464824930072843,0.11563719182805421,0.39269008121495497,0.09364239752875307,0.04061941377574977,0.025966678479492505,0.07920951031890483,2.6000316923113016,0.27729617315190364,results/source_records/c1/run/datasets/d01/summary.json,/records/42
c1,d01,fixed_behavior,821,reset_null,reset,0,0.021812335255218907,0.0827944096811702,,0.0,0.0,0.01901675846607531,0.021812335255218907,1.0,,results/source_records/c1/run/datasets/d01/summary.json,/records/43
c1,d01,fixed_behavior,821,reset_null,reset,256,0.021340692463664535,0.08100416640596746,,0.0,0.0,0.01938205283053199,0.021340692463664535,1.0,,results/source_records/c1/run/datasets/d01/summary.json,/records/44
c1,d01,fixed_behavior,823,ring4,general,0,0.02155241035518155,0.030775278888152863,,,,0.0058210172502353415,0.030939707930007734,1.435556739136109,,results/source_records/c1/run/datasets/d01/summary.json,/records/45
c1,d01,fixed_behavior,823,ring8,general,0,0.017341952605793725,0.02476305058752374,,,,0.0067311022504911834,0.0269683931132209,1.555095537754561,,results/source_records/c1/run/datasets/d01/summary.json,/records/46
c1,d01,fixed_behavior,823,long8,general,0,0.10810587351154538,0.15436734694341622,,,,0.04999058407181647,0.17904616098647516,1.6562112230410273,,results/source_records/c1/run/datasets/d01/summary.json,/records/47
c1,d01,fixed_behavior,823,reset_iso,reset,0,0.04821582712613073,0.18301575221030975,0.37191461672364384,0.08879794704154964,0.04244311217804345,0.027501116597514714,0.09732372945118384,2.0185017089220256,0.30970441900696877,results/source_records/c1/run/datasets/d01/summary.json,/records/48
c1,d01,fixed_behavior,823,reset_iso,reset,256,0.04829178983641461,0.1833040884971927,0.36885146063302787,0.08879794704154964,0.04246064050315962,0.026977696933864,0.0975444572618862,2.0198973281444297,0.303809917150909,results/source_records/c1/run/datasets/d01/summary.json,/records/49
c1,d01,fixed_behavior,823,reset_ring4,reset,0,0.036333180693206645,0.13791206728374414,0.34152180472851046,0.09364239752875307,0.04614537299849513,0.029230726266994352,0.09023660570926971,2.4835867377320366,0.31215268979010286,results/source_records/c1/run/datasets/d01/summary.json,/records/50
c1,d01,fixed_behavior,823,reset_ring4,reset,256,0.03674731325167799,0.139484015463854,0.34120692082625487,0.09364239752875307,0.04622268161436801,0.029261945220415708,0.09070413580322069,2.468320205670516,0.3124860746055842,results/source_records/c1/run/datasets/d01/summary.json,/records/51
c1,d01,fixed_behavior,823,reset_null,reset,0,0.03464325223440111,0.13149750288643886,,0.0,0.0,0.023492282821749505,0.03464325223440111,1.0,,results/source_records/c1/run/datasets/d01/summary.json,/records/52
c1,d01,fixed_behavior,823,reset_null,reset,256,0.03477348387907369,0.13199183107350881,,0.0,0.0,0.023130232507616172,0.03477348387907369,1.0,,results/source_records/c1/run/datasets/d01/summary.json,/records/53
c1,d01,free_mse,811,ring4,general,0,0.020252557294623556,0.028919182990151653,,,,8.275404329322854e-05,0.020265220369181575,1.0006252580537758,,results/source_records/c1/run/datasets/d01/summary.json,/records/54
c1,d01,free_mse,811,ring8,general,0,0.018792356738291154,0.026834122497464728,,,,7.495515921066813e-05,0.019194049273292973,1.0213753144747053,,results/source_records/c1/run/datasets/d01/summary.json,/records/55
c1,d01,free_mse,811,long8,general,0,0.10364357874306813,0.14799551364412972,,,,6.366351879580821e-05,0.1037082529859017,1.0006240062685783,,results/source_records/c1/run/datasets/d01/summary.json,/records/56
c1,d01,free_mse,811,reset_iso,reset,0,0.0759748291829772,0.28838228732649335,0.9974711516769121,0.08879794704154964,4.90359123219089e-06,4.846617898589357e-05,0.07608955924774209,1.0015101062549094,0.0005458029222591785,results/source_records/c1/run/datasets/d01/summary.json,/records/57
c1,d01,free_mse,811,reset_iso,reset,256,0.07443278906122502,0.28252907169912933,0.9999668451124442,0.08879794704154964,9.270604473017825e-09,9.239656891814156e-08,0.07443426573949548,1.0000198390828703,1.040525958048423e-06,results/source_records/c1/run/datasets/d01/summary.json,/records/58
c1,d01,free_mse,811,reset_ring4,reset,0,0.04588168623985678,0.17415591145825196,1.0012016420451333,0.09364239752875307,7.410926218416561e-06,3.814565061979216e-05,0.04582912938200562,0.9988545133765048,0.00040735448500322163,results/source_records/c1/run/datasets/d01/summary.json,/records/59
c1,d01,free_mse,811,reset_ring4,reset,256,0.0455561736655703,0.1729203435506205,1.000040345129596,0.09364239752875307,1.8530576048695745e-08,8.878270972510922e-08,0.04555429392352217,0.99995873792953,9.481037656884888e-07,results/source_records/c1/run/datasets/d01/summary.json,/records/60
c1,d01,free_mse,811,reset_null,reset,0,0.03945969783180134,0.14977957884631624,,0.0,0.0,3.091725814851337e-05,0.03945969783180134,1.0,,results/source_records/c1/run/datasets/d01/summary.json,/records/61
c1,d01,free_mse,811,reset_null,reset,256,0.03884837138626659,0.14745912981652115,,0.0,0.0,5.8296263300727754e-08,0.03884837138626659,1.0,,results/source_records/c1/run/datasets/d01/summary.json,/records/62
c1,d01,free_mse,821,ring4,general,0,0.022270786431724702,0.03180106782488204,,,,0.0001274016992768904,0.02260657419553717,1.0150774991642926,,results/source_records/c1/run/datasets/d01/summary.json,/records/63
c1,d01,free_mse,821,ring8,general,0,0.019658570308054322,0.028071012652525967,,,,0.00011575899707153421,0.019980730786867625,1.0163877878078098,,results/source_records/c1/run/datasets/d01/summary.json,/records/64
c1,d01,free_mse,821,long8,general,0,0.09634491225041375,0.1375735472319575,,,,8.140653962008427e-05,0.09636921195299719,1.0002522157321632,,results/source_records/c1/run/datasets/d01/summary.json,/records/65
c1,d01,free_mse,821,reset_iso,reset,0,0.06311115213754885,0.23955484474211286,0.9970810481303728,0.08879794704154964,2.9522870816364836e-06,3.282805128624616e-05,0.06324222674742226,1.0020768850739366,0.00036969380914724886,results/source_records/c1/run/datasets/d01/summary.json,/records/66
c1,d01,free_mse,821,reset_iso,reset,256,0.0636565464332644,0.2416250310944175,0.9999476382296208,0.08879794704154964,2.5966546615963178e-09,3.3876415538216357e-08,0.06365887254044424,1.0000365415233807,3.814999858314874e-07,results/source_records/c1/run/datasets/d01/summary.json,/records/67
c1,d01,free_mse,821,reset_ring4,reset,0,0.0464624177129939,0.17636022928754813,1.0001148258725865,0.09364239752875307,4.709465517712181e-06,3.140375311704844e-05,0.04645939616068414,0.9999349678200471,0.0003353582772953443,results/source_records/c1/run/datasets/d01/summary.json,/records/68
c1,d01,free_mse,821,reset_ring4,reset,256,0.04623929464096849,0.1755133074509615,1.000055890368955,0.09364239752875307,2.6829441147662416e-08,1.7167983347532177e-07,0.04623669120162042,0.9999436963870604,1.8333558089711143e-06,results/source_records/c1/run/datasets/d01/summary.json,/records/69
c1,d01,free_mse,821,reset_null,reset,0,0.03852207258751631,0.1462205775887976,,0.0,0.0,2.5409409128905352e-05,0.03852207258751631,1.0,,results/source_records/c1/run/datasets/d01/summary.json,/records/70
c1,d01,free_mse,821,reset_null,reset,256,0.03843683135192655,0.14589702223818657,,0.0,0.0,2.234856879790471e-08,0.03843683135192655,1.0,,results/source_records/c1/run/datasets/d01/summary.json,/records/71
c1,d01,free_mse,823,ring4,general,0,0.027659384572344032,0.03949559515898471,,,,3.4930513919614776e-05,0.027882451571030652,1.0080647853209888,,results/source_records/c1/run/datasets/d01/summary.json,/records/72
c1,d01,free_mse,823,ring8,general,0,0.022220873539031082,0.03172979583407238,,,,4.36609532874429e-05,0.022361638544293638,1.0063348097011264,,results/source_records/c1/run/datasets/d01/summary.json,/records/73
c1,d01,free_mse,823,long8,general,0,0.11705122907972186,0.16714066592850768,,,,5.417657661928283e-05,0.11730927953203811,1.0022045941281017,,results/source_records/c1/run/datasets/d01/summary.json,/records/74
c1,d01,free_mse,823,reset_iso,reset,0,0.06897515183038687,0.2618131855964202,0.9982977268402968,0.08879794704154964,4.237379874829671e-06,2.4254117435510886e-05,0.06905284970027929,1.0011264617449989,0.0002731382677592995,results/source_records/c1/run/datasets/d01/summary.json,/records/75
c1,d01,free_mse,823,reset_iso,reset,256,0.06717268048822408,0.2549714353209247,1.000044739471404,0.08879794704154964,1.0543425497300262e-08,6.897332892814352e-08,0.0671706993733195,0.9999705071334033,7.767446346014064e-07,results/source_records/c1/run/datasets/d01/summary.json,/records/76
c1,d01,free_mse,823,reset_ring4,reset,0,0.04509446022918476,0.17116778973370356,0.9988844731116543,0.09364239752875307,4.316960728740897e-06,2.5231138358985997e-05,0.04514884901597632,1.0012061079457464,0.000269441396470426,results/source_records/c1/run/datasets/d01/summary.json,/records/77
c1,d01,free_mse,823,reset_ring4,reset,256,0.04493917221251059,0.17057835354905565,0.9999642564750958,0.09364239752875307,1.6942666359668848e-08,9.015888044415163e-08,0.0449408542385483,1.0000374289501763,9.627997875264586e-07,results/source_records/c1/run/datasets/d01/summary.json,/records/78
c1,d01,free_mse,823,reset_null,reset,0,0.03298796948025542,0.12521444530084067,,0.0,0.0,2.5783656782971234e-05,0.03298796948025542,1.0,,results/source_records/c1/run/datasets/d01/summary.json,/records/79
c1,d01,free_mse,823,reset_null,reset,256,0.03301751564663771,0.12532659548445654,,0.0,0.0,5.7189375905899435e-08,0.03301751564663771,1.0,,results/source_records/c1/run/datasets/d01/summary.json,/records/80
c1,d01,free_behavior,811,ring4,general,0,0.020316827613667657,0.029010956344510473,,,,0.00013469315221491569,0.020300986223902955,0.9992202823164161,,results/source_records/c1/run/datasets/d01/summary.json,/records/81
c1,d01,free_behavior,811,ring8,general,0,0.019231131762772538,0.027460661410052028,,,,0.00012424462201672908,0.01943758232544347,1.0107352268819965,,results/source_records/c1/run/datasets/d01/summary.json,/records/82
c1,d01,free_behavior,811,long8,general,0,0.10759320390851967,0.1536352919319079,,,,0.000171197200510881,0.10807496400762177,1.0044776071499062,,results/source_records/c1/run/datasets/d01/summary.json,/records/83
c1,d01,free_behavior,811,reset_iso,reset,0,0.08020823119311306,0.30445126922463356,1.0036683920592178,0.08879794704154964,1.6032106164690247e-05,0.00016263847286595085,0.08005337440357062,0.9980693154899576,0.0018315566776543868,results/source_records/c1/run/datasets/d01/summary.json,/records/84
c1,d01,free_behavior,811,reset_iso,reset,256,0.07752292444036264,0.2942584868010443,1.0002711647272249,0.08879794704154964,2.947340784021279e-08,3.032381385212349e-07,0.07751089974154492,0.9998448884777692,3.414922851531084e-06,results/source_records/c1/run/datasets/d01/summary.json,/records/85
c1,d01,free_behavior,811,reset_ring4,reset,0,0.04582432804774896,0.17393819347435066,1.0008706984080813,0.09364239752875307,3.0002569448143924e-05,0.00014957257789045884,0.0457985621889442,0.9994377253327553,0.0015972741176829897,results/source_records/c1/run/datasets/d01/summary.json,/records/86
c1,d01,free_behavior,811,reset_ring4,reset,256,0.04540703738027738,0.17235425786752448,1.0000525625161858,0.09364239752875307,7.374233564248461e-08,3.561837947070089e-07,0.04540461321139989,0.9999466124852587,3.8036594972660967e-06,results/source_records/c1/run/datasets/d01/summary.json,/records/87
c1,d01,free_behavior,811,reset_null,reset,0,0.03844016958143358,0.145909693359283,,0.0,0.0,0.00012125517662110007,0.03844016958143358,1.0,,results/source_records/c1/run/datasets/d01/summary.json,/records/88
c1,d01,free_behavior,811,reset_null,reset,256,0.03799780289205863,0.14423057516854965,,0.0,0.0,2.1878697275525525e-07,0.03799780289205863,1.0,,results/source_records/c1/run/datasets/d01/summary.json,/records/89
c1,d01,free_behavior,821,ring4,general,0,0.02226264602548519,0.03178944391515894,,,,0.00012146893796228721,0.022443759302267326,1.0081352987679364,,results/source_records/c1/run/datasets/d01/summary.json,/records/90
c1,d01,free_behavior,821,ring8,general,0,0.01981591155032478,0.02829568453523804,,,,0.00010633661893984227,0.019901877296547976,1.0043382181034102,,results/source_records/c1/run/datasets/d01/summary.json,/records/91
c1,d01,free_behavior,821,long8,general,0,0.09764918159966196,0.13943594926991484,,,,0.00029655209928175063,0.09824889087574286,1.0061414675090627,,results/source_records/c1/run/datasets/d01/summary.json,/records/92
c1,d01,free_behavior,821,reset_iso,reset,0,0.0661469893642644,0.25107815703917175,1.0007118330481652,0.08879794704154964,2.568063589266188e-05,0.0003810865836236382,0.0661282250258292,0.9997163236208398,0.0042916147987669484,results/source_records/c1/run/datasets/d01/summary.json,/records/93
c1,d01,free_behavior,821,reset_iso,reset,256,0.0661534449209158,0.25110266078880983,1.00001991954365,0.08879794704154964,2.4677897447546657e-08,3.067240437643823e-07,0.06615257285256405,0.9999868174914733,3.454179448775571e-06,results/source_records/c1/run/datasets/d01/summary.json,/records/94
c1,d01,free_behavior,821,reset_ring4,reset,0,0.04656115351517185,0.17673500678661322,0.9990973084015808,0.09364239752875307,4.462640868600103e-05,0.0003152603658302654,0.046625731821713444,1.001386956758289,0.0033666413307440585,results/source_records/c1/run/datasets/d01/summary.json,/records/95
c1,d01,free_behavior,821,reset_ring4,reset,256,0.046176500104809205,0.17527495440477556,1.0002112478113596,0.09364239752875307,2.97119036491548e-07,1.6515268061660312e-06,0.04616675778853426,0.9997890200371871,1.7636528428898104e-05,results/source_records/c1/run/datasets/d01/summary.json,/records/96
c1,d01,free_behavior,821,reset_null,reset,0,0.038718948093305644,0.14696786993928584,,0.0,0.0,0.0004180394630160957,0.038718948093305644,1.0,,results/source_records/c1/run/datasets/d01/summary.json,/records/97
c1,d01,free_behavior,821,reset_null,reset,256,0.03893718946856035,0.14779626202205912,,0.0,0.0,2.5991296629997896e-07,0.03893718946856035,1.0,,results/source_records/c1/run/datasets/d01/summary.json,/records/98
c1,d01,free_behavior,823,ring4,general,0,0.028196429166631325,0.04026245589020649,,,,0.0004040504281094966,0.028379755047493276,1.0065017410459516,,results/source_records/c1/run/datasets/d01/summary.json,/records/99
c1,d01,free_behavior,823,ring8,general,0,0.022046236658115687,0.031480427033749946,,,,0.0005420208298523526,0.0220373001743259,0.9995946481057801,,results/source_records/c1/run/datasets/d01/summary.json,/records/100
c1,d01,free_behavior,823,long8,general,0,0.13162605386790846,0.18795245867977964,,,,0.0008516473124570767,0.13329277858325583,1.0126625745159845,,results/source_records/c1/run/datasets/d01/summary.json,/records/101
c1,d01,free_behavior,823,reset_iso,reset,0,0.07405767000932192,0.28110520946250583,0.9987300376742303,0.08879794704154964,4.51776801424584e-05,0.0007448296615736599,0.07413664387277599,1.0010663833124123,0.00838791533350591,results/source_records/c1/run/datasets/d01/summary.json,/records/102
c1,d01,free_behavior,823,reset_iso,reset,256,0.0726344749981485,0.2757031014611126,1.000144145295734,0.08879794704154964,1.98325602550109e-07,1.9343347399267504e-06,0.07262817425773531,0.9999132541343027,2.1783552484852513e-05,results/source_records/c1/run/datasets/d01/summary.json,/records/103
c1,d01,free_behavior,823,reset_ring4,reset,0,0.04483114607998124,0.17016831217713205,0.9894427285656384,0.09364239752875307,6.570837657998654e-05,0.00043874574505574896,0.04535830437256098,1.0117587511958597,0.0046853322494336104,results/source_records/c1/run/datasets/d01/summary.json,/records/104
c1,d01,free_behavior,823,reset_ring4,reset,256,0.044869888440625026,0.17031536891551544,0.9999605649496561,0.09364239752875307,3.2527342447474183e-07,2.0094847241085893e-06,0.04487189747365339,1.000044774638364,2.1459133652484424e-05,results/source_records/c1/run/datasets/d01/summary.json,/records/105
c1,d01,free_behavior,823,reset_null,reset,0,0.03281925173830378,0.12457403308985177,,0.0,0.0,0.0007478043204621784,0.03281925173830378,1.0,,results/source_records/c1/run/datasets/d01/summary.json,/records/106
c1,d01,free_behavior,823,reset_null,reset,256,0.03378408761198969,0.12823631939099087,,0.0,0.0,1.7664153371145694e-06,0.03378408761198969,1.0,,results/source_records/c1/run/datasets/d01/summary.json,/records/107
c1,d01,ode_behavior,811,ring4,general,0,0.04502733331886672,0.06429576635008666,,,,0.00017835718951611165,0.04521228489190864,1.0041075400075807,,results/source_records/c1/run/datasets/d01/summary.json,/records/108
c1,d01,ode_behavior,811,ring8,general,0,0.038031336405345284,0.05430599014565779,,,,0.00019800992386388052,0.037763322646026165,0.9929528177379154,,results/source_records/c1/run/datasets/d01/summary.json,/records/109
c1,d01,ode_behavior,811,long8,general,0,0.36433774303988353,0.5202478732888872,,,,0.0006561319023784309,0.3647099734733506,1.0010216631150024,,results/source_records/c1/run/datasets/d01/summary.json,/records/110
c1,d01,ode_behavior,811,reset_iso,reset,0,0.1699799737203707,0.6452033410054826,0.9935046349465165,0.08879794704154964,7.566018307367951e-05,0.0006675355864383444,0.1703061913514495,1.001919153321058,0.007517466435637261,results/source_records/c1/run/datasets/d01/summary.json,/records/111
c1,d01,ode_behavior,811,reset_iso,reset,256,0.170746082925605,0.6481113083852481,0.9955008880628513,0.08879794704154964,4.543258337126965e-05,0.0004022370616713954,0.1709685551684295,1.0013029420002648,0.004529801364475057,results/source_records/c1/run/datasets/d01/summary.json,/records/112
c1,d01,ode_behavior,811,reset_ring4,reset,0,0.0808290883231292,0.3068078944541001,1.0041810401039795,0.09364239752875307,0.0001621216561719206,0.0006701160777802516,0.0807143878418049,0.9985809504510832,0.007156118333840089,results/source_records/c1/run/datasets/d01/summary.json,/records/113
c1,d01,ode_behavior,811,reset_ring4,reset,256,0.08072620973733546,0.3064173919388966,1.0009370782840887,0.09364239752875307,9.69264399474869e-05,0.0003975722785807668,0.08073079782899249,1.0000568352171118,0.004245643950526699,results/source_records/c1/run/datasets/d01/summary.json,/records/114
c1,d01,ode_behavior,811,reset_null,reset,0,0.058339414516377086,0.22144246957110403,,0.0,0.0,0.0007388991558073127,0.058339414516377086,1.0,,results/source_records/c1/run/datasets/d01/summary.json,/records/115
c1,d01,ode_behavior,811,reset_null,reset,256,0.05911849006815988,0.22439965410234103,,0.0,0.0,0.00044534995209923387,0.05911849006815988,1.0,,results/source_records/c1/run/datasets/d01/summary.json,/records/116
c1,d01,ode_behavior,821,ring4,general,0,0.032337163018074815,0.04617512352133072,,,,0.00013751403655389192,0.03248823234338606,1.0046716938411329,,results/source_records/c1/run/datasets/d01/summary.json,/records/117
c1,d01,ode_behavior,821,ring8,general,0,0.02668563014114046,0.03810514445323987,,,,0.00014306213705740322,0.026314264851473288,0.9860836979414382,,results/source_records/c1/run/datasets/d01/summary.json,/records/118
c1,d01,ode_behavior,821,long8,general,0,0.3380379499515523,0.4826936761640389,,,,0.0010684802606071462,0.33794905240528483,0.9997370190350515,,results/source_records/c1/run/datasets/d01/summary.json,/records/119
c1,d01,ode_behavior,821,reset_iso,reset,0,0.14202289049727596,0.539084937139961,0.9966186328128719,0.08879794704154964,0.00014001529596993018,0.0011086145952259308,0.14224302737773442,1.0015500098588874,0.012484687227140471,results/source_records/c1/run/datasets/d01/summary.json,/records/120
c1,d01,ode_behavior,821,reset_iso,reset,256,0.14168566793982912,0.5378049209359048,0.9970946336650309,0.08879794704154964,0.00012010141799421104,0.0009872094464798975,0.1418747139323995,1.001334263340246,0.011117480520331964,results/source_records/c1/run/datasets/d01/summary.json,/records/121
c1,d01,ode_behavior,821,reset_ring4,reset,0,0.07023957054092227,0.2666126167212264,1.0052780362965879,0.09364239752875307,0.00027235492333883637,0.0011339344568401714,0.07012862401842555,0.9984204555688154,0.012109199323863902,results/source_records/c1/run/datasets/d01/summary.json,/records/122
c1,d01,ode_behavior,821,reset_ring4,reset,256,0.06897161684646375,0.2617997676426008,1.00497496565768,0.09364239752875307,0.0002314837391682845,0.0009781162733209533,0.06885442486214223,0.9983008665059658,0.010445228861431287,results/source_records/c1/run/datasets/d01/summary.json,/records/123
c1,d01,ode_behavior,821,reset_null,reset,0,0.050835908838987885,0.19296095597662974,,0.0,0.0,0.0010203447551139803,0.050835908838987885,1.0,,results/source_records/c1/run/datasets/d01/summary.json,/records/124
c1,d01,ode_behavior,821,reset_null,reset,256,0.04959214342609177,0.18823991983182026,,0.0,0.0,0.000919304675565339,0.04959214342609177,1.0,,results/source_records/c1/run/datasets/d01/summary.json,/records/125
c1,d01,ode_behavior,823,ring4,general,0,0.03024974893871098,0.04319444760672081,,,,5.2671647739112975e-05,0.030017546574286846,0.9923238250705948,,results/source_records/c1/run/datasets/d01/summary.json,/records/126
c1,d01,ode_behavior,823,ring8,general,0,0.028452130866308073,0.04062757937245472,,,,5.4424505669516885e-05,0.028521762491904967,1.0024473255069746,,results/source_records/c1/run/datasets/d01/summary.json,/records/127
c1,d01,ode_behavior,823,long8,general,0,0.39884904389930115,0.5695275079672507,,,,0.0007568336771553568,0.397173700131409,0.9957995542586405,,results/source_records/c1/run/datasets/d01/summary.json,/records/128
c1,d01,ode_behavior,823,reset_iso,reset,0,0.15990680476360886,0.6069679999640305,1.0029384754658033,0.08879794704154964,6.289931602050255e-05,0.0005947857998626764,0.15980778912826013,0.9993807916086179,0.006698193141609106,results/source_records/c1/run/datasets/d01/summary.json,/records/129
c1,d01,ode_behavior,823,reset_iso,reset,256,0.15931005267480097,0.6047028717078969,1.0019289760836967,0.08879794704154964,5.3863188232813914e-05,0.0005289269273344295,0.15925133971175517,0.9996314547509086,0.0059565220250749505,results/source_records/c1/run/datasets/d01/summary.json,/records/130
c1,d01,ode_behavior,823,reset_ring4,reset,0,0.08367127214513415,0.31759614472601766,1.0014261050110964,0.09364239752875307,0.00011243581572036119,0.0007325489310335695,0.08366071810555888,0.9998738630439733,0.007822833997908256,results/source_records/c1/run/datasets/d01/summary.json,/records/131
c1,d01,ode_behavior,823,reset_ring4,reset,256,0.0837078770331187,0.3177350881292189,0.9991077441144872,0.09364239752875307,9.233912018249712e-05,0.0006183377700727276,0.08379582308244361,1.0010506305074505,0.006603181746632084,results/source_records/c1/run/datasets/d01/summary.json,/records/132
c1,d01,ode_behavior,823,reset_null,reset,0,0.05342724017631559,0.20279703019115158,,0.0,0.0,0.0005389902179844221,0.05342724017631559,1.0,,results/source_records/c1/run/datasets/d01/summary.json,/records/133
c1,d01,ode_behavior,823,reset_null,reset,256,0.05322205662997922,0.20201820250505392,,0.0,0.0,0.0004507370820978748,0.05322205662997922,1.0,,results/source_records/c1/run/datasets/d01/summary.json,/records/134
c1,d02,fixed_mse,811,ring4,general,0,0.03326093707696326,0.04790288822127119,,,,0.00018144089556071345,0.03281379034260989,0.9865563999799912,,results/source_records/c1/run/datasets/d02/summary.json,/records/0
c1,d02,fixed_mse,811,ring8,general,0,0.027042998202682883,0.03894772167944674,,,,0.0002079713188244741,0.027565113231638655,1.019306847008701,,results/source_records/c1/run/datasets/d02/summary.json,/records/1
c1,d02,fixed_mse,811,long8,general,0,0.21871664884355205,0.3149989177226232,,,,0.0019015657890116319,0.21924092233273462,1.0023970442668844,,results/source_records/c1/run/datasets/d02/summary.json,/records/2
c1,d02,fixed_mse,811,reset_iso,reset,0,0.07625192780283613,0.28070627801170384,0.9777700966415511,0.11070733952353262,0.00014512916433080287,0.0008352475596543257,0.0775549991209845,1.0170890278540592,0.0075446448559698285,results/source_records/c1/run/datasets/d02/summary.json,/records/3
c1,d02,fixed_mse,811,reset_iso,reset,256,0.07608653371826539,0.28009741264629234,0.9766398295164789,0.11070733952353262,0.00014810890522811508,0.0007551409449394832,0.0774536593400428,1.0179680365889663,0.0068210558413696306,results/source_records/c1/run/datasets/d02/summary.json,/records/4
c1,d02,fixed_mse,811,reset_ring4,reset,0,0.0750535250617194,0.2762945971177109,0.9973365464826812,0.08699420051794853,0.00011362525722923646,0.0009832711661763107,0.07522619019631083,1.0023005599597012,0.011302720874748928,results/source_records/c1/run/datasets/d02/summary.json,/records/5
c1,d02,fixed_mse,811,reset_ring4,reset,256,0.07505828242787375,0.27631211041324066,0.9968520592934781,0.08699420051794853,0.0001047424686117733,0.0009180516559847525,0.07524757995558497,1.00252200718679,0.010553021356812646,results/source_records/c1/run/datasets/d02/summary.json,/records/6
c1,d02,fixed_mse,811,reset_null,reset,0,0.041970567466072105,0.15450628094155552,,0.0,0.0,0.0017263218996776913,0.041970567466072105,1.0,,results/source_records/c1/run/datasets/d02/summary.json,/records/7
c1,d02,fixed_mse,811,reset_null,reset,256,0.04178166966601263,0.15381089133099513,,0.0,0.0,0.0016873852809408563,0.04178166966601263,1.0,,results/source_records/c1/run/datasets/d02/summary.json,/records/8
c1,d02,fixed_mse,821,ring4,general,0,0.024506575500950433,0.0352947285938389,,,,0.00021068608755240364,0.02484061906176831,1.0136307727207714,,results/source_records/c1/run/datasets/d02/summary.json,/records/9
c1,d02,fixed_mse,821,ring8,general,0,0.02584730384088189,0.03722566516529556,,,,0.0002760817791409157,0.02635295534770185,1.0195630271510248,,results/source_records/c1/run/datasets/d02/summary.json,/records/10
c1,d02,fixed_mse,821,long8,general,0,0.1326607075796223,0.19105989202399196,,,,0.002672638343644475,0.13347345273537112,1.0061264949552677,,results/source_records/c1/run/datasets/d02/summary.json,/records/11
c1,d02,fixed_mse,821,reset_iso,reset,0,0.05401703797652118,0.19885296170888608,0.9737407096911966,0.11070733952353262,0.0001613347281098692,0.0013077298278345868,0.055551253427048176,1.0284024357498804,0.011812494397054929,results/source_records/c1/run/datasets/d02/summary.json,/records/12
c1,d02,fixed_mse,821,reset_iso,reset,256,0.05328291243636136,0.19615042481690823,0.9742523337425051,0.11070733952353262,0.00016058202779645542,0.0012369873396256765,0.05478843126833883,1.0282551903253334,0.011173489896419513,results/source_records/c1/run/datasets/d02/summary.json,/records/13
c1,d02,fixed_mse,821,reset_ring4,reset,0,0.05441054845369331,0.20030159211848325,1.0030711230692828,0.08699420051794853,0.00018980957319309315,0.0013078738690656853,0.05437186829403775,0.999289105499672,0.015034035157272887,results/source_records/c1/run/datasets/d02/summary.json,/records/14
c1,d02,fixed_mse,821,reset_ring4,reset,256,0.054125061443057364,0.19925062857584974,1.002159510013473,0.08699420051794853,0.0001826213140376896,0.0012581542530731452,0.05412243967822553,0.9999515609818829,0.014462507219818227,results/source_records/c1/run/datasets/d02/summary.json,/records/15
c1,d02,fixed_mse,821,reset_null,reset,0,0.03443356859045709,0.126760321426633,,0.0,0.0,0.001716492320660812,0.03443356859045709,1.0,,results/source_records/c1/run/datasets/d02/summary.json,/records/16
c1,d02,fixed_mse,821,reset_null,reset,256,0.034936338862265284,0.128611169998739,,0.0,0.0,0.0016255590130861324,0.034936338862265284,1.0,,results/source_records/c1/run/datasets/d02/summary.json,/records/17
c1,d02,fixed_mse,823,ring4,general,0,0.029193341924787036,0.042044678169846146,,,,0.00010416484306423233,0.029313000484014876,1.004098830464019,,results/source_records/c1/run/datasets/d02/summary.json,/records/18
c1,d02,fixed_mse,823,ring8,general,0,0.02299252856577703,0.03311417604567866,,,,0.00013103292768080766,0.023272187972359235,1.0121630557414403,,results/source_records/c1/run/datasets/d02/summary.json,/records/19
c1,d02,fixed_mse,823,long8,general,0,0.12949217455032627,0.18649652439617792,,,,0.0002909326835709167,0.13048420558209636,1.0076609342241336,,results/source_records/c1/run/datasets/d02/summary.json,/records/20
c1,d02,fixed_mse,823,reset_iso,reset,0,0.05428340884730278,0.19983355299178684,0.9907835686348135,0.11070733952353262,2.3907984508195484e-05,0.0001747336187464701,0.054805526139250334,1.0096183585930694,0.001578338161665674,results/source_records/c1/run/datasets/d02/summary.json,/records/21
c1,d02,fixed_mse,823,reset_iso,reset,256,0.05423103846779114,0.19964076187509816,0.9913673751518225,0.11070733952353262,1.835034819355188e-05,0.00014441430489709001,0.05471806110845118,1.0089805147461686,0.0013044691121530604,results/source_records/c1/run/datasets/d02/summary.json,/records/22
c1,d02,fixed_mse,823,reset_ring4,reset,0,0.05150142797410016,0.189592244753185,0.9962929093493755,0.08699420051794853,1.842633930129634e-05,0.0001843556852761512,0.051671888838282866,1.00330982791911,0.0021191721307688227,results/source_records/c1/run/datasets/d02/summary.json,/records/23
c1,d02,fixed_mse,823,reset_ring4,reset,256,0.0515745664643981,0.1898614895314156,0.9963704193678968,0.08699420051794853,1.5450249122668132e-05,0.00015256943502061,0.05174016782241934,1.0032109112955037,0.0017537885757008835,results/source_records/c1/run/datasets/d02/summary.json,/records/24
c1,d02,fixed_mse,823,reset_null,reset,0,0.03496691127384099,0.1287237162400019,,0.0,0.0,0.00014423812728089487,0.03496691127384099,1.0,,results/source_records/c1/run/datasets/d02/summary.json,/records/25
c1,d02,fixed_mse,823,reset_null,reset,256,0.03521504111251697,0.12963715679797017,,0.0,0.0,0.00013127495233845264,0.03521504111251697,1.0,,results/source_records/c1/run/datasets/d02/summary.json,/records/26
c1,d02,fixed_behavior,811,ring4,general,0,0.029139511574822984,0.04196715091223241,,,,0.0049970365361290256,0.03821358811043172,1.311401119826898,,results/source_records/c1/run/datasets/d02/summary.json,/records/27
c1,d02,fixed_behavior,811,ring8,general,0,0.022911840803380185,0.03299796834972659,,,,0.007960372936331393,0.03182849329333068,1.3891722435778717,,results/source_records/c1/run/datasets/d02/summary.json,/records/28
c1,d02,fixed_behavior,811,long8,general,0,0.09688594432852055,0.13953655456676506,,,,0.07604873285605172,0.20855965341847624,2.1526306510601048,,results/source_records/c1/run/datasets/d02/summary.json,/records/29
c1,d02,fixed_behavior,811,reset_iso,reset,0,0.03848735540975838,0.14168352983181962,0.276522153325329,0.11070733952353262,0.06298056032413309,0.05337195841780048,0.11002478933790916,2.858725629925007,0.4820995486614093,results/source_records/c1/run/datasets/d02/summary.json,/records/30
c1,d02,fixed_behavior,811,reset_iso,reset,256,0.03867148157773479,0.14236135362967636,0.2698269133270473,0.11070733952353262,0.06332265768784333,0.053769275319471656,0.11075057029516472,2.8638822661226833,0.48568844261714134,results/source_records/c1/run/datasets/d02/summary.json,/records/31
c1,d02,fixed_behavior,811,reset_ring4,reset,0,0.03894429495251656,0.14336566170730053,0.4015490564349102,0.08699420051794853,0.041774345523884766,0.037534971659818575,0.0858623484548604,2.2047477957823967,0.4314652176391277,results/source_records/c1/run/datasets/d02/summary.json,/records/32
c1,d02,fixed_behavior,811,reset_ring4,reset,256,0.039308465050868,0.14470628135872377,0.4012075147513644,0.08699420051794853,0.0416977846658265,0.03761522014903599,0.08620309417709687,2.1929905954237547,0.4323876755586169,results/source_records/c1/run/datasets/d02/summary.json,/records/33
c1,d02,fixed_behavior,811,reset_null,reset,0,0.04317017320685404,0.1589223904391025,,0.0,0.0,0.04342613954769262,0.04317017320685404,1.0,,results/source_records/c1/run/datasets/d02/summary.json,/records/34
c1,d02,fixed_behavior,811,reset_null,reset,256,0.043051382416581525,0.15848508581533366,,0.0,0.0,0.04339501653542249,0.043051382416581525,1.0,,results/source_records/c1/run/datasets/d02/summary.json,/records/35
c1,d02,fixed_behavior,821,ring4,general,0,0.0291348401753224,0.04196042309432411,,,,0.0031782515825292614,0.030771577054947236,1.0561779941051872,,results/source_records/c1/run/datasets/d02/summary.json,/records/36
c1,d02,fixed_behavior,821,ring8,general,0,0.025527489722861896,0.03676506419330109,,,,0.003942911660228071,0.027488496751796765,1.0768194229132773,,results/source_records/c1/run/datasets/d02/summary.json,/records/37
c1,d02,fixed_behavior,821,long8,general,0,0.14381818596648563,0.20712905564257636,,,,0.04204320008900416,0.15672410686644586,1.0897377533531658,,results/source_records/c1/run/datasets/d02/summary.json,/records/38
c1,d02,fixed_behavior,821,reset_iso,reset,0,0.06405286530986459,0.23579786026666616,0.9208593870136889,0.11070733952353262,0.004356696609759622,0.023170609961111376,0.07061193696318378,1.1024009093361986,0.20929605987131586,results/source_records/c1/run/datasets/d02/summary.json,/records/39
c1,d02,fixed_behavior,821,reset_iso,reset,256,0.06407548165153772,0.23588111782193374,0.9198301531626536,0.11070733952353262,0.004493065816044737,0.023552886349917323,0.07075970977891727,1.1043180317196903,0.21274909550970447,results/source_records/c1/run/datasets/d02/summary.json,/records/40
c1,d02,fixed_behavior,821,reset_ring4,reset,0,0.06116375796070559,0.2251621872531831,0.9316197593653477,0.08699420051794853,0.0023883851356422295,0.016653723214883055,0.06533229272564393,1.0681536730888315,0.19143486710297522,results/source_records/c1/run/datasets/d02/summary.json,/records/41
c1,d02,fixed_behavior,821,reset_ring4,reset,256,0.060956949670900366,0.22440086374352317,0.9318654877954248,0.08699420051794853,0.002366028135165605,0.01676594804166866,0.06510361746082531,1.0680261694903097,0.19272489363482953,results/source_records/c1/run/datasets/d02/summary.json,/records/42
c1,d02,fixed_behavior,821,reset_null,reset,0,0.04044384546330509,0.1488859581077063,,0.0,0.0,0.03163995163159944,0.04044384546330509,1.0,,results/source_records/c1/run/datasets/d02/summary.json,/records/43
c1,d02,fixed_behavior,821,reset_null,reset,256,0.03969679534802491,0.14613584196781357,,0.0,0.0,0.03184719303198177,0.03969679534802491,1.0,,results/source_records/c1/run/datasets/d02/summary.json,/records/44
c1,d02,fixed_behavior,823,ring4,general,0,0.03679475206500151,0.05299234027053091,,,,0.004882815840597691,0.04633802452296806,1.259365043175381,,results/source_records/c1/run/datasets/d02/summary.json,/records/45
c1,d02,fixed_behavior,823,ring8,general,0,0.031405839353168985,0.045231149337401924,,,,0.008660071924422565,0.037369570818665786,1.1898924400151412,,results/source_records/c1/run/datasets/d02/summary.json,/records/46
c1,d02,fixed_behavior,823,long8,general,0,0.16796686176941256,0.24190833185486701,,,,0.08366744915663145,0.2171831310302886,1.2930117806716,,results/source_records/c1/run/datasets/d02/summary.json,/records/47
c1,d02,fixed_behavior,823,reset_iso,reset,0,0.09412219533938532,0.34649210706285505,0.4576021881442506,0.11070733952353262,0.04550767759523944,0.06548768904115441,0.14689974344462073,1.560734350860925,0.5915388204883557,results/source_records/c1/run/datasets/d02/summary.json,/records/48
c1,d02,fixed_behavior,823,reset_iso,reset,256,0.09311540256576677,0.34278580008341325,0.45718712321748783,0.11070733952353262,0.044809178456105346,0.06450798745357277,0.14556667665476394,1.5632932108299828,0.582689347709061,results/source_records/c1/run/datasets/d02/summary.json,/records/49
c1,d02,fixed_behavior,823,reset_ring4,reset,0,0.07296930755066916,0.2686219656583923,0.5509667215126849,0.08699420051794853,0.026403630186870548,0.05287139724639508,0.10570276820495472,1.4485921787260456,0.607757723291988,results/source_records/c1/run/datasets/d02/summary.json,/records/50
c1,d02,fixed_behavior,823,reset_ring4,reset,256,0.07207549290937845,0.2653315651607442,0.5501642280153592,0.08699420051794853,0.026225308894283848,0.05248668572270481,0.1047546990610267,1.4534024650061885,0.6033354569638907,results/source_records/c1/run/datasets/d02/summary.json,/records/51
c1,d02,fixed_behavior,823,reset_null,reset,0,0.06599627392813708,0.24295213184523792,,0.0,0.0,0.03440863233391868,0.06599627392813708,1.0,,results/source_records/c1/run/datasets/d02/summary.json,/records/52
c1,d02,fixed_behavior,823,reset_null,reset,256,0.06633480664014095,0.24419837256740734,,0.0,0.0,0.034316932806881806,0.06633480664014095,1.0,,results/source_records/c1/run/datasets/d02/summary.json,/records/53
c1,d02,free_mse,811,ring4,general,0,0.032243211964733294,0.04643714562423237,,,,6.38304556406697e-05,0.03231615602909016,1.0022623076273123,,results/source_records/c1/run/datasets/d02/summary.json,/records/54
c1,d02,free_mse,811,ring8,general,0,0.02464478071513823,0.03549377376540204,,,,6.986652407039167e-05,0.024617778491145836,0.9989043431019125,,results/source_records/c1/run/datasets/d02/summary.json,/records/55
c1,d02,free_mse,811,long8,general,0,0.145077435501101,0.20894264524649486,,,,0.00011892456335871073,0.1447498128656556,0.9977417395454106,,results/source_records/c1/run/datasets/d02/summary.json,/records/56
c1,d02,free_mse,811,reset_iso,reset,0,0.06541210768796098,0.2408016402347973,1.0002563420068729,0.11070733952353262,9.241988755148774e-06,6.831551192997926e-05,0.06540253921068485,0.9998537200892261,0.0006170820491577046,results/source_records/c1/run/datasets/d02/summary.json,/records/57
c1,d02,free_mse,811,reset_iso,reset,256,0.06512132264720072,0.23973117304996294,0.9999994954033145,0.11070733952353262,5.161957204859396e-08,4.098837067671997e-07,0.06512137638820459,1.0000008252443544,3.7024077042342104e-06,results/source_records/c1/run/datasets/d02/summary.json,/records/58
c1,d02,free_mse,811,reset_ring4,reset,0,0.05962875371139099,0.21951137497901493,1.0011036040722077,0.08699420051794853,9.41564530362972e-06,5.515225538847611e-05,0.059585457957691955,0.9992739114771946,0.0006339762312902361,results/source_records/c1/run/datasets/d02/summary.json,/records/59
c1,d02,free_mse,811,reset_ring4,reset,256,0.05944670473740401,0.2188411979569222,0.999910911422196,0.08699420051794853,5.96469315973272e-08,3.8659172579798464e-07,0.05945060965569817,1.0000656877166096,4.443879287312073e-06,results/source_records/c1/run/datasets/d02/summary.json,/records/60
c1,d02,free_mse,811,reset_null,reset,0,0.0391318076690449,0.14405595240883706,,0.0,0.0,6.07720120727574e-05,0.0391318076690449,1.0,,results/source_records/c1/run/datasets/d02/summary.json,/records/61
c1,d02,free_mse,811,reset_null,reset,256,0.03893872423344661,0.14334515421508318,,0.0,0.0,3.8897542233979494e-07,0.03893872423344661,1.0,,results/source_records/c1/run/datasets/d02/summary.json,/records/62
c1,d02,free_mse,821,ring4,general,0,0.02387403624567751,0.034383736303670046,,,,8.848027695125327e-05,0.023430262657218776,0.981411874226375,,results/source_records/c1/run/datasets/d02/summary.json,/records/63
c1,d02,free_mse,821,ring8,general,0,0.023777381606973586,0.03424453287884807,,,,7.395474704579369e-05,0.02399916521266603,1.009327503312114,,results/source_records/c1/run/datasets/d02/summary.json,/records/64
c1,d02,free_mse,821,long8,general,0,0.13260324736227522,0.19097713697826435,,,,7.000424935815762e-05,0.13286498729673457,1.0019738576517985,,results/source_records/c1/run/datasets/d02/summary.json,/records/65
c1,d02,free_mse,821,reset_iso,reset,0,0.0561114704919482,0.20656319767134448,1.0005278397757225,0.11070733952353262,3.139362068972158e-06,1.2911498601725897e-05,0.056083822304248465,0.999507263177077,0.00011662730454272502,results/source_records/c1/run/datasets/d02/summary.json,/records/66
c1,d02,free_mse,821,reset_iso,reset,256,0.0561070429352433,0.20654689850358401,1.0000127021079996,0.11070733952353262,8.663169938964946e-10,3.124012528570219e-09,0.05610634026011002,0.999987476168828,2.8218657787419413e-08,results/source_records/c1/run/datasets/d02/summary.json,/records/67
c1,d02,free_mse,821,reset_ring4,reset,0,0.04824345928815516,0.1775986822287725,1.0003935647722448,0.08699420051794853,1.740879283009299e-06,1.4535577823755082e-05,0.04822721080135343,0.999663198140401,0.00016708674529121193,results/source_records/c1/run/datasets/d02/summary.json,/records/68
c1,d02,free_mse,821,reset_ring4,reset,256,0.0484202705808012,0.17824957777068512,1.0000122185426275,0.08699420051794853,1.1341004614242406e-09,9.799142468048554e-09,0.04841973967667837,0.9999890354986359,1.1264133022323491e-07,results/source_records/c1/run/datasets/d02/summary.json,/records/69
c1,d02,free_mse,821,reset_null,reset,0,0.05011466847884174,0.1844871660013675,,0.0,0.0,1.4238942059272394e-05,0.05011466847884174,1.0,,results/source_records/c1/run/datasets/d02/summary.json,/records/70
c1,d02,free_mse,821,reset_null,reset,256,0.05092042509111258,0.1874533984118936,,0.0,0.0,2.6499571408339977e-09,0.05092042509111258,1.0,,results/source_records/c1/run/datasets/d02/summary.json,/records/71
c1,d02,free_mse,823,ring4,general,0,0.025443807603528535,0.036644543980678415,,,,7.573238123557035e-05,0.02517529239678031,0.9894467364738685,,results/source_records/c1/run/datasets/d02/summary.json,/records/72
c1,d02,free_mse,823,ring8,general,0,0.02181657317793578,0.031420547890626566,,,,6.42904737382384e-05,0.02188228562822224,1.0030120427140647,,results/source_records/c1/run/datasets/d02/summary.json,/records/73
c1,d02,free_mse,823,long8,general,0,0.15048698872984909,0.21673356295407845,,,,6.774586934815679e-05,0.15050875453355148,1.0001446357847021,,results/source_records/c1/run/datasets/d02/summary.json,/records/74
c1,d02,free_mse,823,reset_iso,reset,0,0.06062465830074958,0.22317759927771688,0.9972457913163841,0.11070733952353262,4.131428026278045e-06,4.399754154069858e-05,0.06077917957249477,1.002548818848242,0.0003974220835769086,results/source_records/c1/run/datasets/d02/summary.json,/records/75
c1,d02,free_mse,823,reset_iso,reset,256,0.06591023751405067,0.24263540593066021,0.9999478128160736,0.11070733952353262,5.430862031342032e-09,4.1489986746969383e-08,0.06591312898162,1.0000438697792389,3.7477178049383097e-07,results/source_records/c1/run/datasets/d02/summary.json,/records/76
c1,d02,free_mse,823,reset_ring4,reset,0,0.05589047439803264,0.20574964458795797,0.9996015501893721,0.08699420051794853,3.961567335420727e-06,4.0028869442246094e-05,0.05590978659327187,1.0003455364343787,0.0004601326203806815,results/source_records/c1/run/datasets/d02/summary.json,/records/77
c1,d02,free_mse,823,reset_ring4,reset,256,0.06082584510558081,0.2239182284105995,0.9999849308250076,0.08699420051794853,7.0350817500009176e-09,7.87277980042657e-08,0.060826504088533295,1.0000108339300726,9.049775448884398e-07,results/source_records/c1/run/datasets/d02/summary.json,/records/78
c1,d02,free_mse,823,reset_null,reset,0,0.06064854194298602,0.22326552214748208,,0.0,0.0,4.39698604995972e-05,0.06064854194298602,1.0,,results/source_records/c1/run/datasets/d02/summary.json,/records/79
c1,d02,free_mse,823,reset_null,reset,256,0.06719675705266515,0.24737147125621609,,0.0,0.0,4.799250179521071e-08,0.06719675705266515,1.0,,results/source_records/c1/run/datasets/d02/summary.json,/records/80
c1,d02,free_behavior,811,ring4,general,0,0.033765466095773904,0.048629518295960614,,,,0.0007677404219888408,0.034681447144625434,1.0271277478075795,,results/source_records/c1/run/datasets/d02/summary.json,/records/81
c1,d02,free_behavior,811,ring8,general,0,0.026382064072522637,0.03799583467501782,,,,0.0007194208668135312,0.027027391241348106,1.0244608294124184,,results/source_records/c1/run/datasets/d02/summary.json,/records/82
c1,d02,free_behavior,811,long8,general,0,0.13533929608636716,0.1949176343820162,,,,0.0013573138382351527,0.136663001119676,1.0097806407420955,,results/source_records/c1/run/datasets/d02/summary.json,/records/83
c1,d02,free_behavior,811,reset_iso,reset,0,0.0592574185675756,0.2181443786404452,1.0144836065296694,0.11070733952353262,0.000203175530861892,0.0007384022547655158,0.05855728555426898,0.9881848884033279,0.006669858185947614,results/source_records/c1/run/datasets/d02/summary.json,/records/84
c1,d02,free_behavior,811,reset_iso,reset,256,0.058977744117362396,0.2171148128807793,1.0003453670453086,0.11070733952353262,1.3751674462174156e-07,5.645310413374234e-07,0.05895869554226124,0.9996770209612756,5.0993099804139296e-06,results/source_records/c1/run/datasets/d02/summary.json,/records/85
c1,d02,free_behavior,811,reset_ring4,reset,0,0.05176856923366332,0.19057567206887502,1.0048030969384767,0.08699420051794853,0.00013114923491248335,0.0005332660692042668,0.05162522306184173,0.9972310192469377,0.00612990367207575,results/source_records/c1/run/datasets/d02/summary.json,/records/86
c1,d02,free_behavior,811,reset_ring4,reset,256,0.051015734806668635,0.18780426213800516,0.9997416948482413,0.08699420051794853,3.0482995390836374e-07,1.260601981570551e-06,0.05102712274673101,1.000223224072054,1.449064390574479e-05,results/source_records/c1/run/datasets/d02/summary.json,/records/87
c1,d02,free_behavior,811,reset_null,reset,0,0.038508413015710424,0.14176104921212854,,0.0,0.0,0.0006612849998620462,0.038508413015710424,1.0,,results/source_records/c1/run/datasets/d02/summary.json,/records/88
c1,d02,free_behavior,811,reset_null,reset,256,0.0379192417146736,0.139592132467453,,0.0,0.0,5.874069026621001e-07,0.0379192417146736,1.0,,results/source_records/c1/run/datasets/d02/summary.json,/records/89
c1,d02,free_behavior,821,ring4,general,0,0.022416208317233215,0.032284151191545166,,,,8.301321671063193e-05,0.022826949335964863,1.0183233940780196,,results/source_records/c1/run/datasets/d02/summary.json,/records/90
c1,d02,free_behavior,821,ring8,general,0,0.023958847616683893,0.03450588288107437,,,,0.00014443908356555474,0.024642636211200306,1.0285401287013594,,results/source_records/c1/run/datasets/d02/summary.json,/records/91
c1,d02,free_behavior,821,long8,general,0,0.16745832605638325,0.24117593128054168,,,,0.00027608564648035576,0.16800388116035778,1.0032578559503267,,results/source_records/c1/run/datasets/d02/summary.json,/records/92
c1,d02,free_behavior,821,reset_iso,reset,0,0.06283814283931716,0.23132610154069375,0.9909640924844821,0.11070733952353262,2.5755351661950793e-05,0.00013487465281652024,0.06335119115633651,1.0081646002545184,0.0012182991064278125,results/source_records/c1/run/datasets/d02/summary.json,/records/93
c1,d02,free_behavior,821,reset_iso,reset,256,0.06806462303342314,0.2505663469307232,0.9999532239168953,0.11070733952353262,5.139088696449758e-10,2.87756256971338e-09,0.0680672125182407,1.0000380445039163,2.599251849152881e-08,results/source_records/c1/run/datasets/d02/summary.json,/records/94
c1,d02,free_behavior,821,reset_ring4,reset,0,0.056148117266327464,0.20669810546887238,1.0007291398896638,0.08699420051794853,1.9174702741870507e-05,9.90926239269836e-05,0.05612598914669139,0.9996058973886673,0.001139071608647509,results/source_records/c1/run/datasets/d02/summary.json,/records/95
c1,d02,free_behavior,821,reset_ring4,reset,256,0.061541570745837854,0.22655302973750607,1.0000103597546626,0.08699420051794853,6.980117799095779e-10,4.710831445039706e-09,0.06154112047555336,0.9999926834775414,5.415109762480976e-08,results/source_records/c1/run/datasets/d02/summary.json,/records/96
c1,d02,free_behavior,821,reset_null,reset,0,0.06463496948678393,0.23794076080212012,,0.0,0.0,0.00015222269972290273,0.06463496948678393,1.0,,results/source_records/c1/run/datasets/d02/summary.json,/records/97
c1,d02,free_behavior,821,reset_null,reset,256,0.07302502956253452,0.26882709514173464,,0.0,0.0,2.244823167562314e-09,0.07302502956253452,1.0,,results/source_records/c1/run/datasets/d02/summary.json,/records/98
c1,d02,free_behavior,823,ring4,general,0,0.02448124564366283,0.035258248162770435,,,,0.0007987579339579696,0.024622230331561717,1.0057588853913315,,results/source_records/c1/run/datasets/d02/summary.json,/records/99
c1,d02,free_behavior,823,ring8,general,0,0.02134594949092837,0.030742748770871374,,,,0.0008760955667305824,0.022653427673597765,1.0612518165671219,,results/source_records/c1/run/datasets/d02/summary.json,/records/100
c1,d02,free_behavior,823,long8,general,0,0.212239295719014,0.3056701389820701,,,,0.004350650434862445,0.20976408389880738,0.9883376364785738,,results/source_records/c1/run/datasets/d02/summary.json,/records/101
c1,d02,free_behavior,823,reset_iso,reset,0,0.07758597351885278,0.2856173014891531,0.9341439899432846,0.11070733952353262,0.0006469662814467566,0.002957327300222116,0.08155482850240364,1.051154284770126,0.026713019325999506,results/source_records/c1/run/datasets/d02/summary.json,/records/102
c1,d02,free_behavior,823,reset_iso,reset,256,0.09816619900736394,0.3613793007458682,0.9878715135649402,0.11070733952353262,2.260992343258746e-05,0.00011145276868247842,0.09884886020400847,1.0069541369997765,0.001006733330980168,results/source_records/c1/run/datasets/d02/summary.json,/records/103
c1,d02,free_behavior,823,reset_ring4,reset,0,0.07407794554481122,0.27270319552319844,0.9924409400144358,0.08699420051794853,0.00045014289053271365,0.00306087541147314,0.0746318141852685,1.0074768358704311,0.03518482143923634,results/source_records/c1/run/datasets/d02/summary.json,/records/104
c1,d02,free_behavior,823,reset_ring4,reset,256,0.09511801500917383,0.3501580187470811,0.9983724297641016,0.08699420051794853,1.634685247764168e-05,0.00011103476601889912,0.09519698302183917,1.0008302108980904,0.0012763467605635456,results/source_records/c1/run/datasets/d02/summary.json,/records/105
c1,d02,free_behavior,823,reset_null,reset,0,0.08125442397801548,0.2991219708678017,,0.0,0.0,0.003476868105988537,0.08125442397801548,1.0,,results/source_records/c1/run/datasets/d02/summary.json,/records/106
c1,d02,free_behavior,823,reset_null,reset,256,0.10213440782878563,0.37598747080439704,,0.0,0.0,0.0001419762061150249,0.10213440782878563,1.0,,results/source_records/c1/run/datasets/d02/summary.json,/records/107
c1,d02,ode_behavior,811,ring4,general,0,0.035614330502836154,0.051292279865872335,,,,0.00018395260701890414,0.03530384972282818,0.9912821390820964,,results/source_records/c1/run/datasets/d02/summary.json,/records/108
c1,d02,ode_behavior,811,ring8,general,0,0.027413688820126122,0.03948159573028809,,,,0.000193628831499776,0.02734178876761383,0.9973772208116878,,results/source_records/c1/run/datasets/d02/summary.json,/records/109
c1,d02,ode_behavior,811,long8,general,0,0.40049384061205706,0.576797088902059,,,,0.0002107132874812609,0.40024821457886883,0.9993866921078914,,results/source_records/c1/run/datasets/d02/summary.json,/records/110
c1,d02,ode_behavior,811,reset_iso,reset,0,0.08030021965394715,0.2956092577864423,0.9994257483954794,0.11070733952353262,2.8434661432138833e-05,0.00021632214131734383,0.0803462239191069,1.0005729033539137,0.0019539999989915853,results/source_records/c1/run/datasets/d02/summary.json,/records/111
c1,d02,ode_behavior,811,reset_iso,reset,256,0.08047380993988885,0.29624829583400064,1.00080071850388,0.11070733952353262,1.4516878416976244e-05,0.00011144380679097386,0.08043674567241481,0.9995394244723628,0.0010066523797844919,results/source_records/c1/run/datasets/d02/summary.json,/records/112
c1,d02,ode_behavior,811,reset_ring4,reset,0,0.09439708934857967,0.3475040745814755,1.0020761099881146,0.08699420051794853,3.2094630250560604e-05,0.00019257892274652396,0.09432283189973632,0.9992133502276841,0.0022136984028813663,results/source_records/c1/run/datasets/d02/summary.json,/records/113
c1,d02,ode_behavior,811,reset_ring4,reset,256,0.09447513035652415,0.347791367001531,1.001218346111809,0.08699420051794853,1.8134707488959347e-05,8.939866803802923e-05,0.09443120318726288,0.9995350398660949,0.0010276394001642055,results/source_records/c1/run/datasets/d02/summary.json,/records/114
c1,d02,ode_behavior,811,reset_null,reset,0,0.05646299056430668,0.20785724877275788,,0.0,0.0,0.00021708980509423982,0.05646299056430668,1.0,,results/source_records/c1/run/datasets/d02/summary.json,/records/115
c1,d02,ode_behavior,811,reset_null,reset,256,0.056303778997604186,0.20727114311493072,,0.0,0.0,0.00011555399362643868,0.056303778997604186,1.0,,results/source_records/c1/run/datasets/d02/summary.json,/records/116
c1,d02,ode_behavior,821,ring4,general,0,0.035403480532422406,0.050988610653522226,,,,0.0002135787689860337,0.035701425865698216,1.0084157074048963,,results/source_records/c1/run/datasets/d02/summary.json,/records/117
c1,d02,ode_behavior,821,ring8,general,0,0.02918008095871635,0.042025579532489046,,,,0.00022033953416950657,0.02927927491016224,1.0033993720437662,,results/source_records/c1/run/datasets/d02/summary.json,/records/118
c1,d02,ode_behavior,821,long8,general,0,0.32290247160450175,0.4650488640127897,,,,0.000629682998276283,0.3231136435592759,1.0006539806082153,,results/source_records/c1/run/datasets/d02/summary.json,/records/119
c1,d02,ode_behavior,821,reset_iso,reset,0,0.0715336737554912,0.26333696591026484,0.9907722212752623,0.11070733952353262,0.00017833839181837053,0.0007102595426488962,0.07213363436643043,1.0083871074899626,0.006415649998507272,results/source_records/c1/run/datasets/d02/summary.json,/records/120
c1,d02,ode_behavior,821,reset_iso,reset,256,0.07156360364001957,0.2634471468162349,0.9944922309804841,0.11070733952353262,0.00013366248419706246,0.0005373512183550363,0.07193531010876529,1.0051940714251268,0.004853799401807626,results/source_records/c1/run/datasets/d02/summary.json,/records/121
c1,d02,ode_behavior,821,reset_ring4,reset,0,0.07705550452120148,0.28366448557718926,0.9980886688603384,0.08699420051794853,9.876618950935008e-05,0.0005995692158016177,0.07718802497775964,1.0017198051895397,0.0068920596112371346,results/source_records/c1/run/datasets/d02/summary.json,/records/122
c1,d02,ode_behavior,821,reset_ring4,reset,256,0.07671581443444553,0.28241398421049213,1.0013368816721504,0.08699420051794853,7.694216116367824e-05,0.0004621701360762209,0.07669613503833604,0.9997434766709502,0.005312654560011349,results/source_records/c1/run/datasets/d02/summary.json,/records/123
c1,d02,ode_behavior,821,reset_null,reset,0,0.049411862209406,0.18189992476378586,,0.0,0.0,0.0003958633673463026,0.049411862209406,1.0,,results/source_records/c1/run/datasets/d02/summary.json,/records/124
c1,d02,ode_behavior,821,reset_null,reset,256,0.04827961902373725,0.1777317970900175,,0.0,0.0,0.0003008169279128158,0.04827961902373725,1.0,,results/source_records/c1/run/datasets/d02/summary.json,/records/125
c1,d02,ode_behavior,823,ring4,general,0,0.040874954952967286,0.0588687081675047,,,,8.288374530503087e-05,0.04100593336629819,1.0032043683835643,,results/source_records/c1/run/datasets/d02/summary.json,/records/126
c1,d02,ode_behavior,823,ring8,general,0,0.02593942712468845,0.03735834246649579,,,,9.355704270762284e-05,0.025948727282745082,1.0003585336720016,,results/source_records/c1/run/datasets/d02/summary.json,/records/127
c1,d02,ode_behavior,823,long8,general,0,0.2982027255757918,0.42947592839858045,,,,0.0016383084747660056,0.298491725598988,1.000969139442432,,results/source_records/c1/run/datasets/d02/summary.json,/records/128
c1,d02,ode_behavior,823,reset_iso,reset,0,0.07990145129128519,0.2941412715191168,1.0033825040673154,0.11070733952353262,0.00019968359207968235,0.00188676225127143,0.07981405907290741,0.9989062499245579,0.017042792821070085,results/source_records/c1/run/datasets/d02/summary.json,/records/129
c1,d02,ode_behavior,823,reset_iso,reset,256,0.07924003764457092,0.29170640897406247,0.9981436042984766,0.11070733952353262,0.00016958746186996267,0.001723765025964962,0.07942758969025371,1.0023668848634832,0.015570467444920832,results/source_records/c1/run/datasets/d02/summary.json,/records/130
c1,d02,ode_behavior,823,reset_ring4,reset,0,0.0848159952061509,0.31223318565450875,0.9993767457313181,0.08699420051794853,0.00020234757422271784,0.0012565289386274687,0.08494427874533313,1.0015124922942946,0.014443824199157086,results/source_records/c1/run/datasets/d02/summary.json,/records/131
c1,d02,ode_behavior,823,reset_ring4,reset,256,0.08433314531338719,0.3104556699884588,0.9999500457363582,0.08699420051794853,0.0001725847657916229,0.0011015254172415145,0.08442161056091697,1.001048997368722,0.012662055754098794,results/source_records/c1/run/datasets/d02/summary.json,/records/132
c1,d02,ode_behavior,823,reset_null,reset,0,0.05491275559835846,0.20215036765022262,,0.0,0.0,0.0016293650566998469,0.05491275559835846,1.0,,results/source_records/c1/run/datasets/d02/summary.json,/records/133
c1,d02,ode_behavior,823,reset_null,reset,256,0.05445889382242094,0.20047956596000666,,0.0,0.0,0.0014980009977147348,0.05445889382242094,1.0,,results/source_records/c1/run/datasets/d02/summary.json,/records/134
c1,d03,fixed_mse,811,ring4,general,0,0.017632647467830085,0.024308946994702176,,,,6.0872625408564105e-05,0.01758395952220701,0.9972387614672213,,results/source_records/c1/run/datasets/d03/summary.json,/records/0
c1,d03,fixed_mse,811,ring8,general,0,0.019765312455899863,0.027249109000834843,,,,5.710677787942539e-05,0.019810034557153033,1.0022626559207173,,results/source_records/c1/run/datasets/d03/summary.json,/records/1
c1,d03,fixed_mse,811,long8,general,0,0.1127502726560518,0.1554412294940231,,,,0.0004160843862192779,0.1133566841964092,1.0053783598573396,,results/source_records/c1/run/datasets/d03/summary.json,/records/2
c1,d03,fixed_mse,811,reset_iso,reset,0,0.0576866411268973,0.22725232381842259,0.9950495157353615,0.1267012706916314,2.6594004991530274e-05,0.00039110958805551715,0.05801355444742958,1.0056670541766013,0.0030868639747695117,results/source_records/c1/run/datasets/d03/summary.json,/records/3
c1,d03,fixed_mse,811,reset_iso,reset,256,0.05728045100898325,0.22565216741470698,0.9937530575111594,0.1267012706916314,2.6165850885307547e-05,0.0003508573746470031,0.05768928170333723,1.007137351175707,0.0027691701332729977,results/source_records/c1/run/datasets/d03/summary.json,/records/4
c1,d03,fixed_mse,811,reset_ring4,reset,0,0.044852398714625284,0.17669276001539405,0.9904840620725242,0.0722928321361574,1.647730092515518e-05,0.00022594171914471373,0.04520460441644753,1.0078525499620024,0.003125368206894588,results/source_records/c1/run/datasets/d03/summary.json,/records/5
c1,d03,fixed_mse,811,reset_ring4,reset,256,0.04456970914468896,0.1755791250310665,0.9900230259384194,0.0722928321361574,1.4642280934806144e-05,0.00018323433424493628,0.04493766214053554,1.0082556741542126,0.002534612752476345,results/source_records/c1/run/datasets/d03/summary.json,/records/6
c1,d03,fixed_mse,811,reset_null,reset,0,0.037943607598215336,0.1494760802900741,,0.0,0.0,0.00018413225778344728,0.037943607598215336,1.0,,results/source_records/c1/run/datasets/d03/summary.json,/records/7
c1,d03,fixed_mse,811,reset_null,reset,256,0.037680918585353516,0.14844123604453902,,0.0,0.0,0.0001376996280078436,0.037680918585353516,1.0,,results/source_records/c1/run/datasets/d03/summary.json,/records/8
c1,d03,fixed_mse,821,ring4,general,0,0.020249465062376053,0.027916577687522367,,,,7.515876457817706e-05,0.020090486602037688,0.9921490044379616,,results/source_records/c1/run/datasets/d03/summary.json,/records/9
c1,d03,fixed_mse,821,ring8,general,0,0.019208758314778633,0.026481825180246846,,,,6.490989462059494e-05,0.019199344630221327,0.9995099274818787,,results/source_records/c1/run/datasets/d03/summary.json,/records/10
c1,d03,fixed_mse,821,long8,general,0,0.11846122738898605,0.16331453928175213,,,,0.0005206034980414368,0.11915509051551049,1.005857301513904,,results/source_records/c1/run/datasets/d03/summary.json,/records/11
c1,d03,fixed_mse,821,reset_iso,reset,0,0.06471241337109046,0.2549298421818105,0.9994548388189721,0.1267012706916314,0.00011870136870673309,0.00039307739556454843,0.0648063003706474,1.0014508344638384,0.0031023950542787347,results/source_records/c1/run/datasets/d03/summary.json,/records/12
c1,d03,fixed_mse,821,reset_iso,reset,256,0.06459929739613847,0.254484230031984,1.0001751442924722,0.1267012706916314,0.00011384433794898653,0.00038823056901270446,0.06464512406980867,1.0007093989488645,0.003064141084721947,results/source_records/c1/run/datasets/d03/summary.json,/records/13
c1,d03,fixed_mse,821,reset_ring4,reset,0,0.043923834857632515,0.1730347502891697,0.9925806307547763,0.0722928321361574,4.258911282122637e-05,0.00027953836034201276,0.04421331302195167,1.006590457442011,0.003866750714863764,results/source_records/c1/run/datasets/d03/summary.json,/records/14
c1,d03,fixed_mse,821,reset_ring4,reset,256,0.043668209006522636,0.17202773085524228,0.9936071479175644,0.0722928321361574,3.844098869428004e-05,0.0002574421012289984,0.043918508192209584,1.0057318399673676,0.0035611013377388244,results/source_records/c1/run/datasets/d03/summary.json,/records/15
c1,d03,fixed_mse,821,reset_null,reset,0,0.03999880227970814,0.15757237014409947,,0.0,0.0,0.00032227845371689685,0.03999880227970814,1.0,,results/source_records/c1/run/datasets/d03/summary.json,/records/16
c1,d03,fixed_mse,821,reset_null,reset,256,0.03927642424251657,0.15472661444710792,,0.0,0.0,0.00027120744823050846,0.03927642424251657,1.0,,results/source_records/c1/run/datasets/d03/summary.json,/records/17
c1,d03,fixed_mse,823,ring4,general,0,0.016241014082824815,0.022390395497890896,,,,3.645648129209259e-05,0.016283276197937378,1.0026021845001203,,results/source_records/c1/run/datasets/d03/summary.json,/records/18
c1,d03,fixed_mse,823,ring8,general,0,0.017032502708381404,0.023481567715827406,,,,3.213471102448951e-05,0.016952665830211728,0.9953126748583818,,results/source_records/c1/run/datasets/d03/summary.json,/records/19
c1,d03,fixed_mse,823,long8,general,0,0.12990491225309,0.17909117913649383,,,,9.931389132492579e-05,0.13012022621990157,1.0016574736326527,,results/source_records/c1/run/datasets/d03/summary.json,/records/20
c1,d03,fixed_mse,823,reset_iso,reset,0,0.06655070044153845,0.2621716402904177,1.0030560858830164,0.1267012706916314,7.86868653161497e-06,8.113459769941545e-05,0.06636102980253997,0.9971499828290298,0.000640361357518527,results/source_records/c1/run/datasets/d03/summary.json,/records/21
c1,d03,fixed_mse,823,reset_iso,reset,256,0.06658688463602355,0.26231418529081296,1.0030490636529168,0.1267012706916314,5.566335102392115e-06,5.6164073674695914e-05,0.06639650768463856,0.9971409241861122,0.00044327948226651485,results/source_records/c1/run/datasets/d03/summary.json,/records/22
c1,d03,fixed_mse,823,reset_ring4,reset,0,0.04473747698607484,0.1762400342307038,0.9990467570331314,0.0722928321361574,7.332716232707387e-06,6.799689051869083e-05,0.04477559966125485,1.0008521418226575,0.0009405758290202889,results/source_records/c1/run/datasets/d03/summary.json,/records/23
c1,d03,fixed_mse,823,reset_ring4,reset,256,0.044642310901448094,0.17586513436727522,0.9992718520658875,0.0722928321361574,4.654580626074156e-06,3.87199857533739e-05,0.04467095813013428,1.000641705774359,0.0005355992372860438,results/source_records/c1/run/datasets/d03/summary.json,/records/24
c1,d03,fixed_mse,823,reset_null,reset,0,0.04738067749376251,0.18665273023719717,,0.0,0.0,7.295678627590553e-05,0.04738067749376251,1.0,,results/source_records/c1/run/datasets/d03/summary.json,/records/25
c1,d03,fixed_mse,823,reset_null,reset,256,0.04722627129580021,0.18604445825925842,,0.0,0.0,3.84269405028424e-05,0.04722627129580021,1.0,,results/source_records/c1/run/datasets/d03/summary.json,/records/26
c1,d03,fixed_behavior,811,ring4,general,0,0.020866266684109607,0.02876692066388611,,,,0.0025057180679443018,0.023812423632257645,1.141192336547277,,results/source_records/c1/run/datasets/d03/summary.json,/records/27
c1,d03,fixed_behavior,811,ring8,general,0,0.02021019135931909,0.02786243367042912,,,,0.0029382547593088653,0.02171003105854888,1.0742120483949895,,results/source_records/c1/run/datasets/d03/summary.json,/records/28
c1,d03,fixed_behavior,811,long8,general,0,0.12197259582003366,0.16815542714189552,,,,0.04462585560114085,0.13563798893623358,1.1120365851388678,,results/source_records/c1/run/datasets/d03/summary.json,/records/29
c1,d03,fixed_behavior,811,reset_iso,reset,0,0.058545487206125124,0.23063568543376647,0.8005912573988121,0.1267012706916314,0.0073727811416094595,0.03654050249554997,0.07486454811771087,1.2787415681439307,0.28839886369003453,results/source_records/c1/run/datasets/d03/summary.json,/records/30
c1,d03,fixed_behavior,811,reset_iso,reset,256,0.058319934805283885,0.22974713816818307,0.7972815664686633,0.1267012706916314,0.007444143995161426,0.03559819238238484,0.07488434820869562,1.284026610432887,0.28096160510516566,results/source_records/c1/run/datasets/d03/summary.json,/records/31
c1,d03,fixed_behavior,811,reset_ring4,reset,0,0.044047264809031574,0.17352099359847467,0.8071419987018028,0.0722928321361574,0.004345134308192204,0.020746400846698553,0.05319095752016815,1.2075882066861443,0.28697728714825377,results/source_records/c1/run/datasets/d03/summary.json,/records/32
c1,d03,fixed_behavior,811,reset_ring4,reset,256,0.042668564271705726,0.16808970318467176,0.8058760561079695,0.0722928321361574,0.004379480765312239,0.020208982929871052,0.05187518949636764,1.215770682276436,0.2795433839389381,results/source_records/c1/run/datasets/d03/summary.json,/records/33
c1,d03,fixed_behavior,811,reset_null,reset,0,0.03793626162577685,0.14944714136635207,,0.0,0.0,0.019630088278692455,0.03793626162577685,1.0,,results/source_records/c1/run/datasets/d03/summary.json,/records/34
c1,d03,fixed_behavior,811,reset_null,reset,256,0.03662103221049808,0.14426589081791122,,0.0,0.0,0.01927433343438949,0.03662103221049808,1.0,,results/source_records/c1/run/datasets/d03/summary.json,/records/35
c1,d03,fixed_behavior,821,ring4,general,0,0.018378391123087822,0.025337053693958195,,,,0.001688831530060909,0.019001955721778655,1.0339292266942497,,results/source_records/c1/run/datasets/d03/summary.json,/records/36
c1,d03,fixed_behavior,821,ring8,general,0,0.01892398317259256,0.02608922481496194,,,,0.0014892363510598421,0.01878149914138389,0.9924707166610132,,results/source_records/c1/run/datasets/d03/summary.json,/records/37
c1,d03,fixed_behavior,821,long8,general,0,0.1114720944064802,0.15367909097368435,,,,0.018742460258795248,0.11888077545105756,1.0664622036934355,,results/source_records/c1/run/datasets/d03/summary.json,/records/38
c1,d03,fixed_behavior,821,reset_iso,reset,0,0.0648729825637588,0.255562392828801,0.9006074140015567,0.1267012706916314,0.001980974901881076,0.011950380230852353,0.07216005341454186,1.112328284638696,0.0943193400162298,results/source_records/c1/run/datasets/d03/summary.json,/records/39
c1,d03,fixed_behavior,821,reset_iso,reset,256,0.06555806761516299,0.25826123552276875,0.8984555559873116,0.1267012706916314,0.002007333776189215,0.011969666496316185,0.07299463947513654,1.1134348849881832,0.0944715584222375,results/source_records/c1/run/datasets/d03/summary.json,/records/40
c1,d03,fixed_behavior,821,reset_ring4,reset,0,0.047973454136280534,0.18898793067331152,0.9095014104369524,0.0722928321361574,0.0017576750152579334,0.00857982760127609,0.05212349131793582,1.0865069496531576,0.11868158083939379,results/source_records/c1/run/datasets/d03/summary.json,/records/41
c1,d03,fixed_behavior,821,reset_ring4,reset,256,0.04790744706031913,0.1887279006020912,0.9100154233105795,0.0722928321361574,0.0017405056891590966,0.008349413261293355,0.05203031985576345,1.0860591212521367,0.11549434452322942,results/source_records/c1/run/datasets/d03/summary.json,/records/42
c1,d03,fixed_behavior,821,reset_null,reset,0,0.03590624077715938,0.14145002199458356,,0.0,0.0,0.011542795930287042,0.03590624077715938,1.0,,results/source_records/c1/run/datasets/d03/summary.json,/records/43
c1,d03,fixed_behavior,821,reset_null,reset,256,0.035769040236718425,0.14090953045208304,,0.0,0.0,0.011312034185253042,0.035769040236718425,1.0,,results/source_records/c1/run/datasets/d03/summary.json,/records/44
c1,d03,fixed_behavior,823,ring4,general,0,0.01962602008991707,0.02705707596962838,,,,0.0010310554713443343,0.020020779560064098,1.0201140867245844,,results/source_records/c1/run/datasets/d03/summary.json,/records/45
c1,d03,fixed_behavior,823,ring8,general,0,0.0205540218018002,0.02833644961254373,,,,0.0010033779838287983,0.02104511136591729,1.023892626409206,,results/source_records/c1/run/datasets/d03/summary.json,/records/46
c1,d03,fixed_behavior,823,long8,general,0,0.11695137685075353,0.16123300973431579,,,,0.0038575607946404605,0.1212911363911321,1.037107383061567,,results/source_records/c1/run/datasets/d03/summary.json,/records/47
c1,d03,fixed_behavior,823,reset_iso,reset,0,0.0651110674319936,0.2565003108374669,0.9902778841121166,0.1267012706916314,0.0003771977767350673,0.003141785452429312,0.06591556853465556,1.0123558272716422,0.024796795132985407,results/source_records/c1/run/datasets/d03/summary.json,/records/48
c1,d03,fixed_behavior,823,reset_iso,reset,256,0.06483984132096011,0.2554318353150837,0.9886202372155379,0.1267012706916314,0.0003757159601409751,0.0030297918130890657,0.06574861449806853,1.0140156601033297,0.023912876299899518,results/source_records/c1/run/datasets/d03/summary.json,/records/49
c1,d03,fixed_behavior,823,reset_ring4,reset,0,0.04282015382580486,0.1686868791991297,0.9844587267298984,0.0722928321361574,0.00019037178736105534,0.0020677050334069838,0.04347710105047851,1.0153420099177166,0.028601798716539933,results/source_records/c1/run/datasets/d03/summary.json,/records/50
c1,d03,fixed_behavior,823,reset_ring4,reset,256,0.04256979531884079,0.16770061008406473,0.9847507428365092,0.0722928321361574,0.00018575332341178293,0.0019636984225072395,0.04321387797597781,1.0151300388529696,0.027163113748383524,results/source_records/c1/run/datasets/d03/summary.json,/records/51
c1,d03,fixed_behavior,823,reset_null,reset,0,0.04363950933170654,0.17191467057529905,,0.0,0.0,0.0026627447841428044,0.04363950933170654,1.0,,results/source_records/c1/run/datasets/d03/summary.json,/records/52
c1,d03,fixed_behavior,823,reset_null,reset,256,0.04335508214485595,0.1707941903756156,,0.0,0.0,0.002358022491195624,0.04335508214485595,1.0,,results/source_records/c1/run/datasets/d03/summary.json,/records/53
c1,d03,free_mse,811,ring4,general,0,0.018153366248761633,0.025026827010616128,,,,2.3619217401267983e-05,0.01809610909465244,0.9968459208432983,,results/source_records/c1/run/datasets/d03/summary.json,/records/54
c1,d03,free_mse,811,ring8,general,0,0.021531608240363254,0.029684182388414478,,,,2.0955672687437737e-05,0.021557836679427022,1.0012181365539894,,results/source_records/c1/run/datasets/d03/summary.json,/records/55
c1,d03,free_mse,811,long8,general,0,0.12271198647296126,0.1691747753834564,,,,3.1954368672321166e-05,0.12253339118006541,0.9985445978177918,,results/source_records/c1/run/datasets/d03/summary.json,/records/56
c1,d03,free_mse,811,reset_iso,reset,0,0.06263037532775885,0.24672780485769844,1.0014653450131372,0.1267012706916314,2.329890505262928e-06,1.49350273866107e-05,0.0625387097364321,0.9985364036085198,0.00011787590846630046,results/source_records/c1/run/datasets/d03/summary.json,/records/57
c1,d03,free_mse,811,reset_iso,reset,256,0.06195803489545612,0.2440791686630243,1.0000534014855915,0.1267012706916314,1.5754627292618247e-09,1.0614313838552422e-08,0.06195465266518363,0.999945410949876,8.377432823373805e-08,results/source_records/c1/run/datasets/d03/summary.json,/records/58
c1,d03,free_mse,811,reset_ring4,reset,0,0.042396447256315854,0.1670177180094238,1.0004355662004358,0.0722928321361574,1.2548473080338518e-06,1.3216165440353762e-05,0.04238133052277848,0.9996434433893486,0.00018281432681268092,results/source_records/c1/run/datasets/d03/summary.json,/records/59
c1,d03,free_mse,811,reset_ring4,reset,256,0.042069362167334146,0.16572919010928247,1.0000142297248253,0.0722928321361574,1.5261555282550112e-09,1.9933786317705025e-08,0.04206884857685592,0.9999877918168528,2.757366910202305e-07,results/source_records/c1/run/datasets/d03/summary.json,/records/60
c1,d03,free_mse,811,reset_null,reset,0,0.04334486302242929,0.1707539328866463,,0.0,0.0,1.780520133992796e-05,0.04334486302242929,1.0,,results/source_records/c1/run/datasets/d03/summary.json,/records/61
c1,d03,free_mse,811,reset_null,reset,256,0.04267571278000343,0.1681178642127842,,0.0,0.0,1.0066110111313549e-08,0.04267571278000343,1.0,,results/source_records/c1/run/datasets/d03/summary.json,/records/62
c1,d03,free_mse,821,ring4,general,0,0.02017802729924931,0.02781809124069489,,,,4.1177057039685606e-05,0.020130362861261495,0.9976378048616482,,results/source_records/c1/run/datasets/d03/summary.json,/records/63
c1,d03,free_mse,821,ring8,general,0,0.019514229246321332,0.02690295744055214,,,,4.07580614891414e-05,0.01945551786395748,0.9969913553016746,,results/source_records/c1/run/datasets/d03/summary.json,/records/64
c1,d03,free_mse,821,long8,general,0,0.11159590552455938,0.15384978104800429,,,,7.056749144186433e-05,0.11130396290256185,0.9973839307040412,,results/source_records/c1/run/datasets/d03/summary.json,/records/65
c1,d03,free_mse,821,reset_iso,reset,0,0.060895454695459594,0.23989321130833158,0.995711098162714,0.1267012706916314,3.5772681644642937e-06,3.651780707611362e-05,0.06116894798474127,1.0044911938115813,0.0002882197382612802,results/source_records/c1/run/datasets/d03/summary.json,/records/66
c1,d03,free_mse,821,reset_iso,reset,256,0.061451522636337214,0.2420838004862902,0.9999966942866502,0.1267012706916314,5.237415155088033e-10,5.142728533177361e-09,0.06145173231726279,1.0000034121355594,4.0589399815048876e-08,results/source_records/c1/run/datasets/d03/summary.json,/records/67
c1,d03,free_mse,821,reset_ring4,reset,0,0.039783769715195545,0.15672526500801387,0.9987594534765636,0.0722928321361574,2.530780318931949e-06,3.387051187735539e-05,0.03982987641613657,1.001158932430765,0.00046851825936993527,results/source_records/c1/run/datasets/d03/summary.json,/records/68
c1,d03,free_mse,821,reset_ring4,reset,256,0.0398178439770221,0.1568594980822788,0.9999887240858074,0.0722928321361574,2.8876356873604834e-09,2.4050296189405218e-08,0.039818253004729694,1.0000102724725082,3.326788490470055e-07,results/source_records/c1/run/datasets/d03/summary.json,/records/69
c1,d03,free_mse,821,reset_null,reset,0,0.03795342732235634,0.1495147643785685,,0.0,0.0,3.0936406046263476e-05,0.03795342732235634,1.0,,results/source_records/c1/run/datasets/d03/summary.json,/records/70
c1,d03,free_mse,821,reset_null,reset,256,0.03758426474394976,0.14806047527157837,,0.0,0.0,4.611951519180459e-09,0.03758426474394976,1.0,,results/source_records/c1/run/datasets/d03/summary.json,/records/71
c1,d03,free_mse,823,ring4,general,0,0.01492346136229103,0.020573974038514724,,,,2.4329596113622007e-05,0.014894599209918423,0.9980659880659096,,results/source_records/c1/run/datasets/d03/summary.json,/records/72
c1,d03,free_mse,823,ring8,general,0,0.015226219290506026,0.020991366063315975,,,,2.4128016516153184e-05,0.015305047421078272,1.005177130912688,,results/source_records/c1/run/datasets/d03/summary.json,/records/73
c1,d03,free_mse,823,long8,general,0,0.11333148925190646,0.1562425137848166,,,,2.8222233297691606e-05,0.113367511360058,1.0003178473025398,,results/source_records/c1/run/datasets/d03/summary.json,/records/74
c1,d03,free_mse,823,reset_iso,reset,0,0.06383283348775773,0.2514648012543695,1.0042365277954568,0.1267012706916314,2.1054633833949755e-06,1.5068168597311182e-05,0.06356549949369243,0.9958119672986697,0.00011892673621233408,results/source_records/c1/run/datasets/d03/summary.json,/records/75
c1,d03,free_mse,823,reset_iso,reset,256,0.06381769589804795,0.2514051678215442,1.0000836010956424,0.1267012706916314,1.1114763802926865e-09,1.0651868451634532e-08,0.06381240027129982,0.9999170194618654,8.40707310470414e-08,results/source_records/c1/run/datasets/d03/summary.json,/records/76
c1,d03,free_mse,823,reset_ring4,reset,0,0.04080433531184036,0.16074570889096568,0.9999949466794923,0.0722928321361574,1.0911751540771824e-06,1.3130992144762203e-05,0.04080506355879566,1.0000178472936694,0.00018163615612722288,results/source_records/c1/run/datasets/d03/summary.json,/records/77
c1,d03,free_mse,823,reset_ring4,reset,256,0.04000860819951168,0.15761099985141125,0.9999847279833336,0.0722928321361574,2.3830105889291365e-09,2.4493527074092694e-08,0.04000916141968767,1.0000138275286465,3.3880989788809514e-07,results/source_records/c1/run/datasets/d03/summary.json,/records/78
c1,d03,free_mse,823,reset_null,reset,0,0.043776921176279404,0.1724559945350468,,0.0,0.0,1.5580042442701622e-05,0.043776921176279404,1.0,,results/source_records/c1/run/datasets/d03/summary.json,/records/79
c1,d03,free_mse,823,reset_null,reset,256,0.04042112317034403,0.15923607255282443,,0.0,0.0,1.142045428844877e-08,0.04042112317034403,1.0,,results/source_records/c1/run/datasets/d03/summary.json,/records/80
c1,d03,free_behavior,811,ring4,general,0,0.017485412942459342,0.02410596464168018,,,,0.00032284476078024525,0.017598476949401597,1.0064661902646694,,results/source_records/c1/run/datasets/d03/summary.json,/records/81
c1,d03,free_behavior,811,ring8,general,0,0.0209192145298261,0.028839916303216747,,,,0.0002648273940371791,0.020857159714643855,0.9970335972656253,,results/source_records/c1/run/datasets/d03/summary.json,/records/82
c1,d03,free_behavior,811,long8,general,0,0.12450168178791565,0.1716421081323965,,,,0.0006802019904473792,0.1250656580571139,1.004529868682087,,results/source_records/c1/run/datasets/d03/summary.json,/records/83
c1,d03,free_behavior,811,reset_iso,reset,0,0.06055224233285603,0.2385411511876305,1.0141445588928315,0.1267012706916314,5.9165424303215874e-05,0.0007570511062669965,0.05968575825837935,0.9856903057410557,0.005975086927971904,results/source_records/c1/run/datasets/d03/summary.json,/records/84
c1,d03,free_behavior,811,reset_iso,reset,256,0.059749002967783564,0.23537684817519458,1.0009066213329527,0.1267012706916314,2.5138553924607683e-07,3.622531870643541e-06,0.05969169362354917,0.9990408317898577,2.8591125020838555e-05,results/source_records/c1/run/datasets/d03/summary.json,/records/85
c1,d03,free_behavior,811,reset_ring4,reset,0,0.043296762459986,0.1705644442220495,1.000281301556502,0.0722928321361574,3.278733473621142e-05,0.0005384423151463891,0.0433029880841328,1.0001437895998009,0.007448073332253449,results/source_records/c1/run/datasets/d03/summary.json,/records/86
c1,d03,free_behavior,811,reset_ring4,reset,256,0.04266443917004984,0.1680734526469567,0.9999333124231519,0.0722928321361574,3.975931225955972e-07,6.149840125550424e-06,0.042667048483540165,1.0000611589778532,8.506846313570511e-05,results/source_records/c1/run/datasets/d03/summary.json,/records/87
c1,d03,free_behavior,811,reset_null,reset,0,0.04272427012834177,0.16830915235216598,,0.0,0.0,0.0006330260109291851,0.04272427012834177,1.0,,results/source_records/c1/run/datasets/d03/summary.json,/records/88
c1,d03,free_behavior,811,reset_null,reset,256,0.040696647294140194,0.16032147978364203,,0.0,0.0,2.798357496695716e-06,0.040696647294140194,1.0,,results/source_records/c1/run/datasets/d03/summary.json,/records/89
c1,d03,free_behavior,821,ring4,general,0,0.01998025545278213,0.027545436476764155,,,,0.00017170806013429751,0.0201201709808023,1.0070026896478288,,results/source_records/c1/run/datasets/d03/summary.json,/records/90
c1,d03,free_behavior,821,ring8,general,0,0.01972193073355,0.027189301533404573,,,,0.00014163346205019905,0.01996943106870662,1.0125494982464158,,results/source_records/c1/run/datasets/d03/summary.json,/records/91
c1,d03,free_behavior,821,long8,general,0,0.11610828992560407,0.16007070240566443,,,,0.0003074808715388272,0.11543338343134472,0.9941872669497434,,results/source_records/c1/run/datasets/d03/summary.json,/records/92
c1,d03,free_behavior,821,reset_iso,reset,0,0.06368343611327382,0.2508762611719411,1.009251608341433,0.1267012706916314,1.9470170224121943e-05,0.00020621235834130357,0.06310707593351202,0.9909496061309157,0.001627547673481414,results/source_records/c1/run/datasets/d03/summary.json,/records/93
c1,d03,free_behavior,821,reset_iso,reset,256,0.06468895121481476,0.25483741472492816,1.0000428996439041,0.1267012706916314,1.8273377688506148e-09,2.2288405374928193e-08,0.06468623440878511,0.9999580020084013,1.7591303744043934e-07,results/source_records/c1/run/datasets/d03/summary.json,/records/94
c1,d03,free_behavior,821,reset_ring4,reset,0,0.04204993040710977,0.16565264010427944,0.9968349710734878,0.0722928321361574,1.0696018477996472e-05,0.00019701964849752596,0.04216968286861713,1.0028478634886662,0.002725299904234713,results/source_records/c1/run/datasets/d03/summary.json,/records/95
c1,d03,free_behavior,821,reset_ring4,reset,256,0.04181859909934118,0.16474132725549137,0.9999855620386316,0.0722928321361574,3.4668109859874395e-09,5.265880269457587e-08,0.04181912271330568,1.0000125210785578,7.284097349429815e-07,results/source_records/c1/run/datasets/d03/summary.json,/records/96
c1,d03,free_behavior,821,reset_null,reset,0,0.0369600040165611,0.14560124557478285,,0.0,0.0,0.00024348753024101358,0.0369600040165611,1.0,,results/source_records/c1/run/datasets/d03/summary.json,/records/97
c1,d03,free_behavior,821,reset_null,reset,256,0.03580087248239746,0.14103493126692693,,0.0,0.0,2.6541635290851232e-08,0.03580087248239746,1.0,,results/source_records/c1/run/datasets/d03/summary.json,/records/98
c1,d03,free_behavior,823,ring4,general,0,0.0164569969666496,0.022688156596117268,,,,6.45538736235976e-05,0.016427568115891206,0.9982117727299804,,results/source_records/c1/run/datasets/d03/summary.json,/records/99
c1,d03,free_behavior,823,ring8,general,0,0.016745041140195028,0.023085263755415017,,,,6.498071117388429e-05,0.01682791301269927,1.004949039647643,,results/source_records/c1/run/datasets/d03/summary.json,/records/100
c1,d03,free_behavior,823,long8,general,0,0.16007621727631804,0.220686331305716,,,,0.00017092270478332315,0.16018652086076954,1.0006890691592312,,results/source_records/c1/run/datasets/d03/summary.json,/records/101
c1,d03,free_behavior,823,reset_iso,reset,0,0.07634170889771714,0.3007426054346334,0.9962530467548137,0.1267012706916314,1.506865684652823e-05,0.00013188469000043328,0.07658661509306554,1.0032080261089849,0.0010409105550442143,results/source_records/c1/run/datasets/d03/summary.json,/records/102
c1,d03,free_behavior,823,reset_iso,reset,256,0.07469256987275459,0.29424594228348927,0.9998847559760516,0.1267012706916314,7.47238028022264e-09,5.26968178962881e-08,0.07469987439104792,1.0000977944433531,4.1591388632986077e-07,results/source_records/c1/run/datasets/d03/summary.json,/records/103
c1,d03,free_behavior,823,reset_ring4,reset,0,0.04649107129394231,0.18314819136575028,0.992293494045674,0.0722928321361574,1.986959657887636e-05,0.00010646369780028808,0.046779568663395964,1.0062054360423234,0.0014726729421773482,results/source_records/c1/run/datasets/d03/summary.json,/records/104
c1,d03,free_behavior,823,reset_ring4,reset,256,0.048288105334836816,0.19022747616716115,0.9998733983378286,0.0722928321361574,2.911055501449696e-08,1.7203564654088354e-07,0.04829269608647946,1.0000950700304103,2.3797054487624585e-06,results/source_records/c1/run/datasets/d03/summary.json,/records/105
c1,d03,free_behavior,823,reset_null,reset,0,0.04983284338420709,0.1963128592741081,,0.0,0.0,0.00016368375014320187,0.04983284338420709,1.0,,results/source_records/c1/run/datasets/d03/summary.json,/records/106
c1,d03,free_behavior,823,reset_null,reset,256,0.04629446565820874,0.1823736777743285,,0.0,0.0,8.756218407003816e-08,0.04629446565820874,1.0,,results/source_records/c1/run/datasets/d03/summary.json,/records/107
c1,d03,ode_behavior,811,ring4,general,0,0.024563489847564606,0.03386403396306517,,,,8.388516535493375e-05,0.024399491992607224,0.9933235116029883,,results/source_records/c1/run/datasets/d03/summary.json,/records/108
c1,d03,ode_behavior,811,ring8,general,0,0.0303679175624816,0.04186620867414737,,,,8.318443945206737e-05,0.030447043754971856,1.0026055850661295,,results/source_records/c1/run/datasets/d03/summary.json,/records/109
c1,d03,ode_behavior,811,long8,general,0,0.38331351622132387,0.5284486045091766,,,,0.0001280513033613562,0.3831587251482236,0.9995961763242105,,results/source_records/c1/run/datasets/d03/summary.json,/records/110
c1,d03,ode_behavior,811,reset_iso,reset,0,0.12302066592131537,0.4846309589565179,0.9992140395577379,0.1267012706916314,2.1140338313608127e-05,0.0001970399376516851,0.12308102718333165,1.0004906595291467,0.0015551536032440089,results/source_records/c1/run/datasets/d03/summary.json,/records/111
c1,d03,ode_behavior,811,reset_iso,reset,256,0.1234278508381728,0.48623503429826137,0.998752940099147,0.1267012706916314,6.264709770548952e-06,5.9705513082310354e-05,0.12350998522945628,1.0006654445550638,0.00047123057848111934,results/source_records/c1/run/datasets/d03/summary.json,/records/112
c1,d03,ode_behavior,811,reset_ring4,reset,0,0.0730158805263704,0.2876407466464401,0.9993957883762336,0.0722928321361574,1.6209930884736458e-05,0.00012865081291074115,0.07304582557669188,1.0004101169513484,0.001779579096699909,results/source_records/c1/run/datasets/d03/summary.json,/records/113
c1,d03,ode_behavior,811,reset_ring4,reset,256,0.07250562475945974,0.2856306311932432,1.0000419695873832,0.0722928321361574,4.118779438595055e-06,3.544170144289637e-05,0.07250616709906793,1.0000074799660026,0.0004902519433205347,results/source_records/c1/run/datasets/d03/summary.json,/records/114
c1,d03,ode_behavior,811,reset_null,reset,0,0.06426448435831333,0.2531652584398767,,0.0,0.0,0.0001414632034640911,0.06426448435831333,1.0,,results/source_records/c1/run/datasets/d03/summary.json,/records/115
c1,d03,ode_behavior,811,reset_null,reset,256,0.063451401481903,0.24996217763101566,,0.0,0.0,4.08087165967444e-05,0.063451401481903,1.0,,results/source_records/c1/run/datasets/d03/summary.json,/records/116
c1,d03,ode_behavior,821,ring4,general,0,0.021210913037816897,0.029242061448018112,,,,0.00014672014048399591,0.021122459892287573,0.9958298284768967,,results/source_records/c1/run/datasets/d03/summary.json,/records/117
c1,d03,ode_behavior,821,ring8,general,0,0.0229922734396678,0.031697903411969305,,,,0.0001384297566891957,0.022919704660627083,0.9968437753999778,,results/source_records/c1/run/datasets/d03/summary.json,/records/118
c1,d03,ode_behavior,821,long8,general,0,0.33462712609856854,0.4613279478399659,,,,0.0006833153028498121,0.3342085521594358,0.99874913326958,,results/source_records/c1/run/datasets/d03/summary.json,/records/119
c1,d03,ode_behavior,821,reset_iso,reset,0,0.09790567795467718,0.3856922919341964,1.003575252490586,0.1267012706916314,8.797843582463013e-05,0.0005887893864003941,0.09772317265893511,0.998135906930479,0.004647067730152478,results/source_records/c1/run/datasets/d03/summary.json,/records/120
c1,d03,ode_behavior,821,reset_iso,reset,256,0.097925427652588,0.3857700944315731,1.0032061851619358,0.1267012706916314,6.672754043322837e-05,0.0004644525228789063,0.0977556775576162,0.9982665371084819,0.0036657290044809577,results/source_records/c1/run/datasets/d03/summary.json,/records/121
c1,d03,ode_behavior,821,reset_ring4,reset,0,0.060234384310841216,0.2372889726461846,0.9996071573262905,0.0722928321361574,5.987637068469596e-05,0.0005502764329082173,0.06027852235067493,1.0007327714948648,0.007611770304859802,results/source_records/c1/run/datasets/d03/summary.json,/records/122
c1,d03,ode_behavior,821,reset_ring4,reset,256,0.05989994033482152,0.2359714549461965,0.9985628588056121,0.0722928321361574,4.853012187281213e-05,0.0004258413767347687,0.059976152899089565,1.0012723312217346,0.005890506211359,results/source_records/c1/run/datasets/d03/summary.json,/records/123
c1,d03,ode_behavior,821,reset_null,reset,0,0.055846618958172924,0.22000369041645007,,0.0,0.0,0.000900177341078435,0.055846618958172924,1.0,,results/source_records/c1/run/datasets/d03/summary.json,/records/124
c1,d03,ode_behavior,821,reset_null,reset,256,0.054850930959743,0.21608125002087275,,0.0,0.0,0.0006911320556161628,0.054850930959743,1.0,,results/source_records/c1/run/datasets/d03/summary.json,/records/125
c1,d03,ode_behavior,823,ring4,general,0,0.023359644382014738,0.03220437306045509,,,,5.3185862254872015e-05,0.023452488521866804,1.003974552794286,,results/source_records/c1/run/datasets/d03/summary.json,/records/126
c1,d03,ode_behavior,823,ring8,general,0,0.026990964972991662,0.03721063090845435,,,,5.013324157920584e-05,0.026993444428157404,1.0000918624127824,,results/source_records/c1/run/datasets/d03/summary.json,/records/127
c1,d03,ode_behavior,823,long8,general,0,0.4281433309502243,0.5902524596599918,,,,9.285841740316897e-05,0.4284339818292178,1.0006788634972976,,results/source_records/c1/run/datasets/d03/summary.json,/records/128
c1,d03,ode_behavior,823,reset_iso,reset,0,0.146464701457398,0.576987030504118,0.9982809003429757,0.1267012706916314,1.8575500704456982e-05,9.042831476951767e-05,0.14658289526028598,1.0008069780753444,0.0007137127692239511,results/source_records/c1/run/datasets/d03/summary.json,/records/129
c1,d03,ode_behavior,823,reset_iso,reset,256,0.14693754900588873,0.5788497790037227,0.9985710436891946,0.1267012706916314,1.5679196010941073e-05,8.274584789009973e-05,0.14703591389154927,1.0006694332818673,0.0006530782796290068,results/source_records/c1/run/datasets/d03/summary.json,/records/130
c1,d03,ode_behavior,823,reset_ring4,reset,0,0.07657390026989123,0.3016573064445444,0.9978211005917905,0.0722928321361574,2.0428413360826947e-05,9.333770920011705e-05,0.07666287388122157,1.0011619312979585,0.001291105998231241,results/source_records/c1/run/datasets/d03/summary.json,/records/131
c1,d03,ode_behavior,823,reset_ring4,reset,256,0.0766301796096902,0.30187901480721624,0.9976444255071044,0.0722928321361574,1.8422748617423644e-05,8.885868473407135e-05,0.07672453655970365,1.001231328837986,0.0012291493099442219,results/source_records/c1/run/datasets/d03/summary.json,/records/132
c1,d03,ode_behavior,823,reset_null,reset,0,0.07225173860981672,0.284630465186615,,0.0,0.0,0.00011544435982738841,0.07225173860981672,1.0,,results/source_records/c1/run/datasets/d03/summary.json,/records/133
c1,d03,ode_behavior,823,reset_null,reset,256,0.07219352655968096,0.28440114305224967,,0.0,0.0,0.00010110604988005632,0.07219352655968096,1.0,,results/source_records/c1/run/datasets/d03/summary.json,/records/134
b1,b01,fixed_behavior,941,ring4,general,0,0.014219974166979779,0.019864461157523963,,,,0.003947073484082302,0.030617304168517195,2.1531195351686137,,results/source_records/b1/run/datasets/b01/summary.json,/records/0
b1,b01,fixed_behavior,941,ring8,general,0,0.021877070121315734,0.030560970404182198,,,,0.005137283135347809,0.031115893645882926,1.4223062536863849,,results/source_records/b1/run/datasets/b01/summary.json,/records/1
b1,b01,fixed_behavior,941,long8,general,0,0.1013107684818864,0.14152513933678773,,,,0.07047137005121741,0.23275162805201133,2.297402650673068,,results/source_records/b1/run/datasets/b01/summary.json,/records/2
b1,b01,fixed_behavior,941,reset_iso,reset,0,0.05058448710327682,0.2054836014021519,0.497933745630492,0.08244922157903996,0.05935417428364725,0.03643426441226316,0.10095906013480067,1.995850228325447,0.4418994347610117,results/source_records/b1/run/datasets/b01/summary.json,/records/3
b1,b01,fixed_behavior,941,reset_iso,reset,256,0.050037413951434156,0.2032612884380698,0.4992821359106395,0.08244922157903996,0.0589802277521062,0.03593599846880013,0.10016942677511138,2.001890562776383,0.4358561279362726,results/source_records/b1/run/datasets/b01/summary.json,/records/4
b1,b01,fixed_behavior,941,reset_ring4,reset,0,0.02921261049424179,0.11866706088092864,0.4361502905789878,0.07733549266416397,0.0413017938837723,0.029425216196901194,0.07166630500842928,2.453266031207848,0.38048786117756733,results/source_records/b1/run/datasets/b01/summary.json,/records/5
b1,b01,fixed_behavior,941,reset_ring4,reset,256,0.02889463935111139,0.11737540291671927,0.4322816653232765,0.07733549266416397,0.04064422553992207,0.029123311113964444,0.07116914069292836,2.463056895368066,0.37658402514399086,results/source_records/b1/run/datasets/b01/summary.json,/records/6
b1,b01,fixed_behavior,941,reset_null,reset,0,0.03387718926335276,0.1376154480128177,,0.0,0.0,0.03927723004192364,0.03387718926335276,1.0,,results/source_records/b1/run/datasets/b01/summary.json,/records/7
b1,b01,fixed_behavior,941,reset_null,reset,256,0.033089160188414964,0.13441432724238817,,0.0,0.0,0.03835810211963222,0.033089160188414964,1.0,,results/source_records/b1/run/datasets/b01/summary.json,/records/8
b1,b01,fixed_behavior,947,ring4,general,0,0.02410340500759985,0.0336710282954916,,,,0.001301744084460978,0.024066233296464845,0.9984578232360414,,results/source_records/b1/run/datasets/b01/summary.json,/records/9
b1,b01,fixed_behavior,947,ring8,general,0,0.028546670722633432,0.039878007167070594,,,,0.0012949515163932217,0.02767078923336791,0.9693175607840296,,results/source_records/b1/run/datasets/b01/summary.json,/records/10
b1,b01,fixed_behavior,947,long8,general,0,0.1663063877903367,0.23232016751342097,,,,0.01895138790952173,0.1689251662086897,1.0157467097514887,,results/source_records/b1/run/datasets/b01/summary.json,/records/11
b1,b01,fixed_behavior,947,reset_iso,reset,0,0.09949789014661392,0.4041789483305346,0.9101202539917957,0.08244922157903996,0.0011022356239045444,0.023076687479223295,0.10375426550171084,1.0427785488599304,0.2798896949815448,results/source_records/b1/run/datasets/b01/summary.json,/records/12
b1,b01,fixed_behavior,947,reset_iso,reset,256,0.10021204823510445,0.4070799914051416,0.9093546751200665,0.08244922157903996,0.0010811432805366207,0.023331121351774342,0.10448943810966227,1.0426833893717327,0.2829756413092143,results/source_records/b1/run/datasets/b01/summary.json,/records/13
b1,b01,fixed_behavior,947,reset_ring4,reset,0,0.04713874609094751,0.19148636008848724,0.9616960618206296,0.07733549266416397,0.0008595935344128872,0.012872722544008957,0.049049669819132787,1.0405382808549557,0.1664529713402081,results/source_records/b1/run/datasets/b01/summary.json,/records/14
b1,b01,fixed_behavior,947,reset_ring4,reset,256,0.046836653822950804,0.1902592050704484,0.9604723751808711,0.07733549266416397,0.0008599970795181482,0.012809500912556384,0.048795096535455225,1.0418143174768124,0.16563547307033713,results/source_records/b1/run/datasets/b01/summary.json,/records/15
b1,b01,fixed_behavior,947,reset_null,reset,0,0.04922115525698375,0.19994549369908107,,0.0,0.0,0.009995547143082623,0.04922115525698375,1.0,,results/source_records/b1/run/datasets/b01/summary.json,/records/16
b1,b01,fixed_behavior,947,reset_null,reset,256,0.04990268775932693,0.20271400557048097,,0.0,0.0,0.010053781841547151,0.04990268775932693,1.0,,results/source_records/b1/run/datasets/b01/summary.json,/records/17
b1,b01,fixed_behavior,953,ring4,general,0,0.022918181468230322,0.03201534125384702,,,,0.005257538080115365,0.026785769047114633,1.168756303123162,,results/source_records/b1/run/datasets/b01/summary.json,/records/18
b1,b01,fixed_behavior,953,ring8,general,0,0.026290985703719544,0.036726948879927404,,,,0.0050679935739187535,0.028214195888651997,1.073150934948033,,results/source_records/b1/run/datasets/b01/summary.json,/records/19
b1,b01,fixed_behavior,953,long8,general,0,0.12930492355875248,0.18063131489183218,,,,0.09112674912432328,0.1988369640534627,1.5377369908355953,,results/source_records/b1/run/datasets/b01/summary.json,/records/20
b1,b01,fixed_behavior,953,reset_iso,reset,0,0.059701192530339155,0.24251735564879642,0.7353139465716447,0.08244922157903996,0.058036667187899425,0.05182466756290773,0.09963110580371277,1.6688294082749169,0.6285646676873232,results/source_records/b1/run/datasets/b01/summary.json,/records/21
b1,b01,fixed_behavior,953,reset_iso,reset,256,0.057753401874566096,0.23460506748209917,0.736824325800587,0.08244922157903996,0.057954580509932324,0.05155038276281626,0.0975800068446749,1.6895975592330945,0.6252379558659323,results/source_records/b1/run/datasets/b01/summary.json,/records/22
b1,b01,fixed_behavior,953,reset_ring4,reset,0,0.04420569659506359,0.17957176713680836,0.6839049990172696,0.07733549266416397,0.02415930322773648,0.04652199025586182,0.06850802951837218,1.5497556829818717,0.6015606631988182,results/source_records/b1/run/datasets/b01/summary.json,/records/23
b1,b01,fixed_behavior,953,reset_ring4,reset,256,0.04392002799793715,0.17841132812661942,0.6849402686129143,0.07733549266416397,0.024090507536435293,0.0468845426294513,0.06814793145670797,1.5516367944917695,0.6062487095420916,results/source_records/b1/run/datasets/b01/summary.json,/records/24
b1,b01,fixed_behavior,953,reset_null,reset,0,0.044034663279981574,0.1788769979782114,,0.0,0.0,0.04941559995083685,0.044034663279981574,1.0,,results/source_records/b1/run/datasets/b01/summary.json,/records/25
b1,b01,fixed_behavior,953,reset_null,reset,256,0.04360255889802599,0.17712170955540696,,0.0,0.0,0.04930550508328375,0.04360255889802599,1.0,,results/source_records/b1/run/datasets/b01/summary.json,/records/26
b1,b01,free_behavior,941,ring4,general,0,0.023211986680330598,0.032425769722641044,,,,0.0003906522521167392,0.022969171870350417,0.9895392491248525,,results/source_records/b1/run/datasets/b01/summary.json,/records/27
b1,b01,free_behavior,941,ring8,general,0,0.02726658698895983,0.03808980605591918,,,,0.0003283244162266957,0.02816701620185211,1.0330231727666122,,results/source_records/b1/run/datasets/b01/summary.json,/records/28
b1,b01,free_behavior,941,long8,general,0,0.207043584967209,0.289227617659531,,,,0.002262036862972165,0.20972929013313815,1.0129716898321408,,results/source_records/b1/run/datasets/b01/summary.json,/records/29
b1,b01,free_behavior,941,reset_iso,reset,0,0.08105250576707346,0.3292503639244777,1.0078049487696101,0.08244922157903996,0.00010277730560967158,0.0009424849577816053,0.08078213844698129,0.9966642941198001,0.011431095888250345,results/source_records/b1/run/datasets/b01/summary.json,/records/30
b1,b01,free_behavior,941,reset_iso,reset,256,0.0806573040717114,0.327644981082947,1.000090023403909,0.08244922157903996,5.3096357508906936e-08,5.036567669101344e-07,0.08065361944015711,0.9999543174471712,6.108690382568424e-06,results/source_records/b1/run/datasets/b01/summary.json,/records/31
b1,b01,free_behavior,941,reset_ring4,reset,0,0.059889222551064436,0.24328116858914448,1.000127831978254,0.07733549266416397,0.00011951601519273386,0.0008610307733067699,0.05994403758624981,1.0009152737813325,0.011133707740711889,results/source_records/b1/run/datasets/b01/summary.json,/records/32
b1,b01,free_behavior,941,reset_ring4,reset,256,0.05946158000649956,0.24154400498025855,0.9999431309572977,0.07733549266416397,9.028198798797378e-08,6.414708458639971e-07,0.05946382414524365,1.0000377409874384,8.294650021169962e-06,results/source_records/b1/run/datasets/b01/summary.json,/records/33
b1,b01,free_behavior,941,reset_null,reset,0,0.09166747909034091,0.3723703612232438,,0.0,0.0,0.0008175485809294539,0.09166747909034091,1.0,,results/source_records/b1/run/datasets/b01/summary.json,/records/34
b1,b01,free_behavior,941,reset_null,reset,256,0.09257719410280381,0.3760657929200964,,0.0,0.0,3.678851107125638e-07,0.09257719410280381,1.0,,results/source_records/b1/run/datasets/b01/summary.json,/records/35
b1,b01,free_behavior,947,ring4,general,0,0.024008860515161257,0.033538955242780624,,,,0.0007058550746771417,0.023198126362976995,0.966231877115855,,results/source_records/b1/run/datasets/b01/summary.json,/records/36
b1,b01,free_behavior,947,ring8,general,0,0.02641423739763399,0.036899124191753764,,,,0.00046014534987157753,0.027598503454327145,1.044834383778168,,results/source_records/b1/run/datasets/b01/summary.json,/records/37
b1,b01,free_behavior,947,long8,general,0,0.17734317845139524,0.24773790996610542,,,,0.0037771892526254104,0.18055433435982013,1.0181070167821817,,results/source_records/b1/run/datasets/b01/summary.json,/records/38
b1,b01,free_behavior,947,reset_iso,reset,0,0.0690248623111037,0.28039183762040076,1.0084230528759441,0.08244922157903996,0.00021015790737760555,0.004968002712449606,0.06878270418484007,0.9964917260512278,0.06025530159417005,results/source_records/b1/run/datasets/b01/summary.json,/records/39
b1,b01,free_behavior,947,reset_iso,reset,256,0.06518077964117634,0.2647764583541928,1.0015244824727072,0.08244922157903996,1.6991974973569764e-05,0.0004093988590120595,0.06512642943120207,0.9991661620147309,0.004965466637178487,results/source_records/b1/run/datasets/b01/summary.json,/records/40
b1,b01,free_behavior,947,reset_ring4,reset,0,0.05268990701469678,0.21403620894325612,0.9982649623508615,0.07733549266416397,0.0005174927950153703,0.002110142250161469,0.05301574341196589,1.0061840381911895,0.02728556032254095,results/source_records/b1/run/datasets/b01/summary.json,/records/41
b1,b01,free_behavior,947,reset_ring4,reset,256,0.04892241835235378,0.1987319687915384,0.998748844137261,0.07733549266416397,4.571502133239176e-05,0.00015434469335161015,0.04899365524162492,1.0014561195392686,0.0019957808250070284,results/source_records/b1/run/datasets/b01/summary.json,/records/42
b1,b01,free_behavior,947,reset_null,reset,0,0.06614229962313227,0.268682331479071,,0.0,0.0,0.002279746357056526,0.06614229962313227,1.0,,results/source_records/b1/run/datasets/b01/summary.json,/records/43
b1,b01,free_behavior,947,reset_null,reset,256,0.06458590026311688,0.26235994760151954,,0.0,0.0,0.00015891440790960973,0.06458590026311688,1.0,,results/source_records/b1/run/datasets/b01/summary.json,/records/44
b1,b01,free_behavior,953,ring4,general,0,0.02070203876044127,0.028919521231850768,,,,3.817270819184721e-05,0.020723847786417327,1.001053472376727,,results/source_records/b1/run/datasets/b01/summary.json,/records/45
b1,b01,free_behavior,953,ring8,general,0,0.024957006725752632,0.03486345930662635,,,,2.79810299311632e-05,0.024994624686897338,1.0015073106145334,,results/source_records/b1/run/datasets/b01/summary.json,/records/46
b1,b01,free_behavior,953,long8,general,0,0.13230832097812226,0.18482688308886994,,,,2.8670150798328148e-05,0.1323514312926503,1.0003258322243782,,results/source_records/b1/run/datasets/b01/summary.json,/records/47
b1,b01,free_behavior,953,reset_iso,reset,0,0.06046816804752902,0.24563295294916407,1.0003144849117889,0.08244922157903996,3.898599074155309e-06,2.907517051651042e-05,0.060457152829380724,0.9998178344324962,0.00035264335987256716,results/source_records/b1/run/datasets/b01/summary.json,/records/48
b1,b01,free_behavior,953,reset_iso,reset,256,0.0618408863824689,0.25120919031613226,1.000004983781895,0.08244922157903996,2.6370195757526396e-09,1.9842548343218544e-08,0.06184068224652219,0.9999966990132475,2.4066386514269856e-07,results/source_records/b1/run/datasets/b01/summary.json,/records/49
b1,b01,free_behavior,953,reset_ring4,reset,0,0.041494308237642975,0.1685576029851556,1.0002532226717438,0.07733549266416397,2.440004710155819e-06,2.0689239372916973e-05,0.04148573668998614,0.9997934283514803,0.00026752579779586817,results/source_records/b1/run/datasets/b01/summary.json,/records/50
b1,b01,free_behavior,953,reset_ring4,reset,256,0.04144064656024714,0.16833961926405816,1.0000010986684111,0.07733549266416397,2.0209613936340445e-09,1.7573461863539845e-08,0.041440605087695585,0.9999989992301039,2.2723669634916683e-07,results/source_records/b1/run/datasets/b01/summary.json,/records/51
b1,b01,free_behavior,953,reset_null,reset,0,0.04344910713245282,0.17649835992319426,,0.0,0.0,2.1370367560203848e-05,0.04344910713245282,1.0,,results/source_records/b1/run/datasets/b01/summary.json,/records/52
b1,b01,free_behavior,953,reset_null,reset,256,0.043334089828561594,0.17603113822775865,,0.0,0.0,1.554100640354763e-08,0.043334089828561594,1.0,,results/source_records/b1/run/datasets/b01/summary.json,/records/53
b1,b01,gru4_behavior,941,ring4,general,0,0.1614188831915858,0.22549261324932426,,,,0.0004805450778344289,0.1622362884645457,1.0050638763990813,,results/source_records/b1/run/datasets/b01/summary.json,/records/54
b1,b01,gru4_behavior,941,ring8,general,0,0.1768382559847608,0.24703256320469485,,,,0.0005008068731624004,0.17683119027495953,0.9999600442236781,,results/source_records/b1/run/datasets/b01/summary.json,/records/55
b1,b01,gru4_behavior,941,long8,general,0,1.0186488326231806,1.4229920484516638,,,,0.0006472045063553636,1.0200267950549722,1.0013527354939809,,results/source_records/b1/run/datasets/b01/summary.json,/records/56
b1,b01,gru4_behavior,941,reset_iso,reset,0,0.46186159695711543,1.876167768555854,1.0013051514404014,0.08244922157903996,3.846130601309648e-05,0.0003336569370563772,0.4618270232511317,0.99992514271329,0.004046817309688205,results/source_records/b1/run/datasets/b01/summary.json,/records/57
b1,b01,gru4_behavior,941,reset_iso,reset,256,0.46076731705984747,1.8717225999456926,1.0013457130635206,0.08244922157903996,3.900307135751329e-05,0.0003300256544273691,0.4607313420994115,0.9999219238016587,0.004002774654591371,results/source_records/b1/run/datasets/b01/summary.json,/records/58
b1,b01,gru4_behavior,941,reset_ring4,reset,0,0.33686744176409306,1.3684182462399912,0.9994814638411827,0.07733549266416397,2.4549627164633877e-05,0.0002324431073572847,0.3368997672023098,1.0000959589268925,0.00300564591172502,results/source_records/b1/run/datasets/b01/summary.json,/records/59
b1,b01,gru4_behavior,941,reset_ring4,reset,256,0.33663415116452117,1.367470576404466,0.9994734891911685,0.07733549266416397,2.2731552810466545e-05,0.00022295028641156758,0.3366658759273033,1.0000942410705282,0.002882897344169622,results/source_records/b1/run/datasets/b01/summary.json,/records/60
b1,b01,gru4_behavior,941,reset_null,reset,0,0.41383636855144806,1.681080352312818,,0.0,0.0,0.00024913626989105846,0.41383636855144806,1.0,,results/source_records/b1/run/datasets/b01/summary.json,/records/61
b1,b01,gru4_behavior,941,reset_null,reset,256,0.41310502222279166,1.6781094874075806,,0.0,0.0,0.00026421932545023864,0.41310502222279166,1.0,,results/source_records/b1/run/datasets/b01/summary.json,/records/62
b1,b01,gru4_behavior,947,ring4,general,0,0.04862019936730864,0.06791953701615659,,,,0.0029568692024260386,0.048125094448505885,0.9898168883458826,,results/source_records/b1/run/datasets/b01/summary.json,/records/63
b1,b01,gru4_behavior,947,ring8,general,0,0.048930760024392915,0.06835337184857358,,,,0.0026649171994306,0.049053556105364604,1.0025095886699997,,results/source_records/b1/run/datasets/b01/summary.json,/records/64
b1,b01,gru4_behavior,947,long8,general,0,0.47868013670448756,0.6686877817629776,,,,0.009619822797752883,0.49276102487316825,1.029416069498145,,results/source_records/b1/run/datasets/b01/summary.json,/records/65
b1,b01,gru4_behavior,947,reset_iso,reset,0,0.292315028477338,1.1874380513705947,0.9804624563623066,0.08244922157903996,0.0008057760890316377,0.0028548288383990566,0.29352334414299536,1.0041336077448753,0.03462529765259548,results/source_records/b1/run/datasets/b01/summary.json,/records/66
b1,b01,gru4_behavior,947,reset_iso,reset,256,0.2915856374202873,1.184475129142535,0.9830799766754901,0.08244922157903996,0.0007558268688726572,0.0026898357017166286,0.2926610722207669,1.0036882296741163,0.03262414914539875,results/source_records/b1/run/datasets/b01/summary.json,/records/67
b1,b01,gru4_behavior,947,reset_ring4,reset,0,0.18683137988819512,0.7589438381766845,0.984779545848873,0.07733549266416397,0.0013658028787957117,0.004175589549912892,0.1881028219876931,1.0068052920245991,0.05399318483746847,results/source_records/b1/run/datasets/b01/summary.json,/records/68
b1,b01,gru4_behavior,947,reset_ring4,reset,256,0.18666063150917866,0.7582502264814182,0.9849668016315561,0.07733549266416397,0.0013396591826021489,0.004125603522168276,0.18791176100152765,1.0067026961295127,0.053346831836761734,results/source_records/b1/run/datasets/b01/summary.json,/records/69
b1,b01,gru4_behavior,947,reset_null,reset,0,0.19330678972654333,0.7852481581438335,,0.0,0.0,0.0031543278855341197,0.19330678972654333,1.0,,results/source_records/b1/run/datasets/b01/summary.json,/records/70
b1,b01,gru4_behavior,947,reset_null,reset,256,0.1924496656953637,0.7817663608011911,,0.0,0.0,0.0031486478302917864,0.1924496656953637,1.0,,results/source_records/b1/run/datasets/b01/summary.json,/records/71
b1,b01,gru4_behavior,953,ring4,general,0,0.10155101920082245,0.14186075535256465,,,,0.0003852109936987129,0.10086288734711697,0.9932237819066625,,results/source_records/b1/run/datasets/b01/summary.json,/records/72
b1,b01,gru4_behavior,953,ring8,general,0,0.11052295957004439,0.15439402432191915,,,,0.0005323176096917597,0.11121468315912235,1.006258641568855,,results/source_records/b1/run/datasets/b01/summary.json,/records/73
b1,b01,gru4_behavior,953,long8,general,0,0.9448925314295513,1.3199588668875464,,,,0.0005663168014861724,0.944707586781092,0.9998042691181191,,results/source_records/b1/run/datasets/b01/summary.json,/records/74
b1,b01,gru4_behavior,953,reset_iso,reset,0,0.4687459220920467,1.90413317856507,0.99843783365986,0.08244922157903996,5.054609064133981e-05,0.0006065511873291027,0.4688355948367387,1.000191303519595,0.007356663601094552,results/source_records/b1/run/datasets/b01/summary.json,/records/75
b1,b01,gru4_behavior,953,reset_iso,reset,256,0.4888288613413101,1.9857138156337801,0.9993298830484543,0.08244922157903996,5.693342508266636e-05,0.0006983835389677865,0.4888849533643779,1.0001147477726948,0.00847046855740513,results/source_records/b1/run/datasets/b01/summary.json,/records/76
b1,b01,gru4_behavior,953,reset_ring4,reset,0,0.32817577611117804,1.3331110826643686,0.9977532513498096,0.07733549266416397,5.620023068663416e-05,0.0003782839266710271,0.32829075293285365,1.00035035133622,0.004891465918679249,results/source_records/b1/run/datasets/b01/summary.json,/records/77
b1,b01,gru4_behavior,953,reset_ring4,reset,256,0.34232833409208824,1.390601407258009,0.9980002881154059,0.07733549266416397,6.662701934501073e-05,0.0004431720768169936,0.34243897195309647,1.0003231922397007,0.005730513397535417,results/source_records/b1/run/datasets/b01/summary.json,/records/78
b1,b01,gru4_behavior,953,reset_null,reset,0,0.4165940937143217,1.6922827451924307,,0.0,0.0,0.0004361868156278438,0.4165940937143217,1.0,,results/source_records/b1/run/datasets/b01/summary.json,/records/79
b1,b01,gru4_behavior,953,reset_null,reset,256,0.4468849430273861,1.8153298128373088,,0.0,0.0,0.0005262681759242534,0.4468849430273861,1.0,,results/source_records/b1/run/datasets/b01/summary.json,/records/80
b1,b01,gru32_behavior,941,ring4,general,0,0.01865042286006575,0.026053535409049235,,,,0.0035823865150602413,0.02389162695467373,1.2810233383946719,,results/source_records/b1/run/datasets/b01/summary.json,/records/81
b1,b01,gru32_behavior,941,ring8,general,0,0.01945825211964223,0.0271820250082801,,,,0.004154001711176508,0.02449979907871973,1.259095571795387,,results/source_records/b1/run/datasets/b01/summary.json,/records/82
b1,b01,gru32_behavior,941,long8,general,0,0.17106072123259333,0.23896168956434904,,,,0.03062362810221946,0.23981390653237977,1.4019226904012752,,results/source_records/b1/run/datasets/b01/summary.json,/records/83
b1,b01,gru32_behavior,941,reset_iso,reset,0,0.09965651035621681,0.4048232931443471,0.6476389845055245,0.08244922157903996,0.016925349988639257,0.01725895063419965,0.12264513101800743,1.2306785635942805,0.20932824232493638,results/source_records/b1/run/datasets/b01/summary.json,/records/84
b1,b01,gru32_behavior,941,reset_iso,reset,256,0.0980748653015308,0.39839835655631295,0.6514541031505194,0.08244922157903996,0.016117969367924558,0.016500467067614533,0.12050251889823234,1.2286789130706202,0.20012883992842018,results/source_records/b1/run/datasets/b01/summary.json,/records/85
b1,b01,gru32_behavior,941,reset_ring4,reset,0,0.04228451818533139,0.17176758286660235,0.6014046410750277,0.07733549266416397,0.01999898721734086,0.01916747308125732,0.06769679608309224,1.6009830308667545,0.24784833484534355,results/source_records/b1/run/datasets/b01/summary.json,/records/86
b1,b01,gru32_behavior,941,reset_ring4,reset,256,0.043282369404623024,0.17582104023951087,0.5968737472370169,0.07733549266416397,0.019677757116521047,0.0186983147673732,0.0687092316718926,1.587464656326179,0.2417818019026819,results/source_records/b1/run/datasets/b01/summary.json,/records/87
b1,b01,gru32_behavior,941,reset_null,reset,0,0.050252095387400116,0.20413336438748894,,0.0,0.0,0.017371454768558437,0.050252095387400116,1.0,,results/source_records/b1/run/datasets/b01/summary.json,/records/88
b1,b01,gru32_behavior,941,reset_null,reset,256,0.0461414673304135,0.1874352281495983,,0.0,0.0,0.015586894066407148,0.0461414673304135,1.0,,results/source_records/b1/run/datasets/b01/summary.json,/records/89
b1,b01,gru32_behavior,947,ring4,general,0,0.028305429909805373,0.03954100804880494,,,,0.00398218167474811,0.029734279167354948,1.0504796875406086,,results/source_records/b1/run/datasets/b01/summary.json,/records/90
b1,b01,gru32_behavior,947,ring8,general,0,0.02610895817938094,0.03647266721637693,,,,0.0040481984455686985,0.028546096991594532,1.093344927647794,,results/source_records/b1/run/datasets/b01/summary.json,/records/91
b1,b01,gru32_behavior,947,long8,general,0,0.2200776596944831,0.3074354475826983,,,,0.03266524447171623,0.24227553784017566,1.1008638413208691,,results/source_records/b1/run/datasets/b01/summary.json,/records/92
b1,b01,gru32_behavior,947,reset_iso,reset,0,0.1135358367510928,0.4612037001816326,0.7755649319971589,0.08244922157903996,0.008055296984104881,0.015225165741005237,0.1268157335170644,1.116966564443308,0.18466112171125387,results/source_records/b1/run/datasets/b01/summary.json,/records/93
b1,b01,gru32_behavior,947,reset_iso,reset,256,0.1137392548736282,0.462030022455568,0.7774570821184812,0.08244922157903996,0.008358714891051309,0.015510240586360129,0.12709285749283208,1.1174053991653157,0.18811870250941343,results/source_records/b1/run/datasets/b01/summary.json,/records/94
b1,b01,gru32_behavior,947,reset_ring4,reset,0,0.06986967639097923,0.28382362964971686,0.8274594176573563,0.07733549266416397,0.0060438806482729845,0.014801225834177284,0.07956337217679285,1.1387396691458724,0.19138981758935553,results/source_records/b1/run/datasets/b01/summary.json,/records/95
b1,b01,gru32_behavior,947,reset_ring4,reset,256,0.07059803493677798,0.2867823576249001,0.8312270144958763,0.07733549266416397,0.00621534595104144,0.015313095900917922,0.08023177893801588,1.1364590956372245,0.19800864225972362,results/source_records/b1/run/datasets/b01/summary.json,/records/96
b1,b01,gru32_behavior,947,reset_null,reset,0,0.08304174614217046,0.33733102856569375,,0.0,0.0,0.0129798599697186,0.08304174614217046,1.0,,results/source_records/b1/run/datasets/b01/summary.json,/records/97
b1,b01,gru32_behavior,947,reset_null,reset,256,0.08182559596090631,0.3323908001794333,,0.0,0.0,0.013310998806583997,0.08182559596090631,1.0,,results/source_records/b1/run/datasets/b01/summary.json,/records/98
b1,b01,gru32_behavior,953,ring4,general,0,0.029244859365944734,0.04085333532328393,,,,0.004243119627130054,0.03241542671290612,1.1084145185069165,,results/source_records/b1/run/datasets/b01/summary.json,/records/99
b1,b01,gru32_behavior,953,ring8,general,0,0.033740654012588224,0.04713369399916905,,,,0.0039977111618284015,0.036907604794757014,1.093861570703023,,results/source_records/b1/run/datasets/b01/summary.json,/records/100
b1,b01,gru32_behavior,953,long8,general,0,0.21117075638619762,0.2949930315330187,,,,0.030580694485726076,0.2644436599632278,1.2522740576806124,,results/source_records/b1/run/datasets/b01/summary.json,/records/101
b1,b01,gru32_behavior,953,reset_iso,reset,0,0.12472164304342516,0.5066425272442165,0.8032647060106065,0.08244922157903996,0.009384020362780148,0.02041526217178322,0.13752398911408123,1.102647349395474,0.24761012633954496,results/source_records/b1/run/datasets/b01/summary.json,/records/102
b1,b01,gru32_behavior,953,reset_iso,reset,256,0.12701580282043226,0.5159618312476141,0.8036407328884465,0.08244922157903996,0.009966897491283004,0.020881361784301427,0.1400940858792292,1.102965794557755,0.25326329811717513,results/source_records/b1/run/datasets/b01/summary.json,/records/103
b1,b01,gru32_behavior,953,reset_ring4,reset,0,0.0687094097684762,0.2791104106801963,0.7507426431931243,0.07733549266416397,0.01334004955304612,0.01934435760547784,0.08501765481725056,1.2373509698850094,0.250135570862429,results/source_records/b1/run/datasets/b01/summary.json,/records/104
b1,b01,gru32_behavior,953,reset_ring4,reset,256,0.07020154989981331,0.285171761610924,0.7500384575801641,0.07733549266416397,0.013968397882425385,0.020098609083008787,0.08685119838692991,1.2371692435690922,0.2598885504006385,results/source_records/b1/run/datasets/b01/summary.json,/records/105
b1,b01,gru32_behavior,953,reset_null,reset,0,0.07153973886981979,0.2906077342709246,,0.0,0.0,0.025714919331248514,0.07153973886981979,1.0,,results/source_records/b1/run/datasets/b01/summary.json,/records/106
b1,b01,gru32_behavior,953,reset_null,reset,256,0.07335210153769829,0.29796988874492664,,0.0,0.0,0.02585781784920896,0.07335210153769829,1.0,,results/source_records/b1/run/datasets/b01/summary.json,/records/107
b1,b01,graph32_behavior,941,ring4,general,0,0.016508111377887266,0.02306085323358712,,,,0.0025439071316026123,0.02375478838694231,1.4389767456234892,,results/source_records/b1/run/datasets/b01/summary.json,/records/108
b1,b01,graph32_behavior,941,ring8,general,0,0.020744269012010586,0.028978514390496517,,,,0.003743077681103973,0.025794199735875354,1.2434373908736405,,results/source_records/b1/run/datasets/b01/summary.json,/records/109
b1,b01,graph32_behavior,941,long8,general,0,0.2910729247863119,0.40661162534675993,,,,0.029085352240220713,0.3346716023778482,1.1497860978431567,,results/source_records/b1/run/datasets/b01/summary.json,/records/110
b1,b01,graph32_behavior,941,reset_iso,reset,0,0.1266451302793236,0.5144560903960287,0.6880649755453621,0.08244922157903996,0.019214730395431756,0.032118343857580146,0.14911189534358116,1.1773993600441308,0.3895530272143308,results/source_records/b1/run/datasets/b01/summary.json,/records/111
b1,b01,graph32_behavior,941,reset_iso,reset,256,0.12858990194492267,0.5223561148627446,0.6873681363877278,0.08244922157903996,0.021267441492997165,0.034201226764281036,0.15211174950586703,1.1829214207739203,0.4148156417886132,results/source_records/b1/run/datasets/b01/summary.json,/records/112
b1,b01,graph32_behavior,941,reset_ring4,reset,0,0.1094356891147733,0.4445481373631085,0.7979558313477461,0.07733549266416397,0.007712633059746202,0.013449755292680094,0.12110459833968636,1.106628005171832,0.1739143933702836,results/source_records/b1/run/datasets/b01/summary.json,/records/113
b1,b01,graph32_behavior,941,reset_ring4,reset,256,0.11249475644862113,0.4569746382270465,0.8089891347880404,0.07733549266416397,0.009157784790273167,0.014694815871521655,0.12445960854731374,1.1063591982098937,0.19001386511281643,results/source_records/b1/run/datasets/b01/summary.json,/records/114
b1,b01,graph32_behavior,941,reset_null,reset,0,0.08244679968825615,0.33491424533841396,,0.0,0.0,0.04539112728227985,0.08244679968825615,1.0,,results/source_records/b1/run/datasets/b01/summary.json,/records/115
b1,b01,graph32_behavior,941,reset_null,reset,256,0.08300006635722518,0.33716171752180124,,0.0,0.0,0.049869490652393524,0.08300006635722518,1.0,,results/source_records/b1/run/datasets/b01/summary.json,/records/116
b1,b01,graph32_behavior,947,ring4,general,0,0.019323549101408374,0.02699385287504788,,,,0.0016428739567728781,0.02624202806323167,1.3580335540596449,,results/source_records/b1/run/datasets/b01/summary.json,/records/117
b1,b01,graph32_behavior,947,ring8,general,0,0.02145255073585094,0.029967941982037574,,,,0.002192712634746572,0.026429518912298583,1.2319989001648304,,results/source_records/b1/run/datasets/b01/summary.json,/records/118
b1,b01,graph32_behavior,947,long8,general,0,0.4030291091314908,0.5630077797387724,,,,0.009560239927743621,0.4238570855175401,1.0516785907373605,,results/source_records/b1/run/datasets/b01/summary.json,/records/119
b1,b01,graph32_behavior,947,reset_iso,reset,0,0.1486349954557394,0.6037830154980326,0.65266263663924,0.08244922157903996,0.01720145100078053,0.019503820569863963,0.17155456852553685,1.1542003819458684,0.23655554529604167,results/source_records/b1/run/datasets/b01/summary.json,/records/120
b1,b01,graph32_behavior,947,reset_iso,reset,256,0.1500617878174623,0.6095789116260554,0.6521804439809661,0.08244922157903996,0.018430176255717298,0.02084255710813231,0.17361560170789728,1.1569607708465146,0.25279264872320945,results/source_records/b1/run/datasets/b01/summary.json,/records/121
b1,b01,graph32_behavior,947,reset_ring4,reset,0,0.12556518404764913,0.5100691478032912,0.818668059110437,0.07733549266416397,0.003972522621740841,0.005307659388453103,0.13456314286213258,1.0716596633272877,0.06863161021682594,results/source_records/b1/run/datasets/b01/summary.json,/records/122
b1,b01,graph32_behavior,947,reset_ring4,reset,256,0.14253767839207843,0.5790145787523194,0.8807761065403357,0.07733549266416397,0.008053542912177608,0.009592656618044678,0.1511745691348304,1.060593738021988,0.12403951003068688,results/source_records/b1/run/datasets/b01/summary.json,/records/123
b1,b01,graph32_behavior,947,reset_null,reset,0,0.09190279060914897,0.37332624040884016,,0.0,0.0,0.018973056064483098,0.09190279060914897,1.0,,results/source_records/b1/run/datasets/b01/summary.json,/records/124
b1,b01,graph32_behavior,947,reset_null,reset,256,0.0930375243713097,0.3779357401474724,,0.0,0.0,0.020235198822851932,0.0930375243713097,1.0,,results/source_records/b1/run/datasets/b01/summary.json,/records/125
b1,b01,graph32_behavior,953,ring4,general,0,0.03248781095751737,0.0453835465015935,,,,0.0016994301432195344,0.030905968756504806,0.9513096710923042,,results/source_records/b1/run/datasets/b01/summary.json,/records/126
b1,b01,graph32_behavior,953,ring8,general,0,0.03040586404720599,0.042475190055493765,,,,0.0018427755727732295,0.03134269035087315,1.0308107114539717,,results/source_records/b1/run/datasets/b01/summary.json,/records/127
b1,b01,graph32_behavior,953,long8,general,0,0.5808190683392013,0.8113698159427695,,,,0.016423730323189407,0.5944123498900871,1.0234036420149817,,results/source_records/b1/run/datasets/b01/summary.json,/records/128
b1,b01,graph32_behavior,953,reset_iso,reset,0,0.14354188517081834,0.5830938535906042,0.9042037810104107,0.08244922157903996,0.00330292260426559,0.0166336520455233,0.1491425082937603,1.039017344075404,0.20174419754318051,results/source_records/b1/run/datasets/b01/summary.json,/records/129
b1,b01,graph32_behavior,953,reset_iso,reset,256,0.14446516942084664,0.5868444060559549,0.9018162522353964,0.08244922157903996,0.003199768854834844,0.0165927933724116,0.1501126406141178,1.039092268509507,0.2012486358831771,results/source_records/b1/run/datasets/b01/summary.json,/records/130
b1,b01,graph32_behavior,953,reset_ring4,reset,0,0.2195614824022382,0.891899606317932,0.9830446479042713,0.07733549266416397,0.001792017606020284,0.007048444953452182,0.2211131164644935,1.0070669684194093,0.0911411398652448,results/source_records/b1/run/datasets/b01/summary.json,/records/131
b1,b01,graph32_behavior,953,reset_ring4,reset,256,0.2075873287078125,0.8432583653807656,0.9787699199855968,0.07733549266416397,0.0018368199243918978,0.007278093418059126,0.20932665802389064,1.008378783651705,0.09411064916421846,results/source_records/b1/run/datasets/b01/summary.json,/records/132
b1,b01,graph32_behavior,953,reset_null,reset,0,0.11230055854226789,0.4561857701873103,,0.0,0.0,0.018337329953134675,0.11230055854226789,1.0,,results/source_records/b1/run/datasets/b01/summary.json,/records/133
b1,b01,graph32_behavior,953,reset_null,reset,256,0.11153783696969692,0.4530874532017291,,0.0,0.0,0.016985717042170192,0.11153783696969692,1.0,,results/source_records/b1/run/datasets/b01/summary.json,/records/134
b1,b01,node32_behavior,941,ring4,general,0,0.02466878732124424,0.03446083387999256,,,,0.00010643560193462968,0.024455447704708994,0.9913518401307257,,results/source_records/b1/run/datasets/b01/summary.json,/records/135
b1,b01,node32_behavior,941,ring8,general,0,0.0297545813934724,0.041565386786814,,,,0.0001280071677555822,0.029519986931721805,0.9921156860300492,,results/source_records/b1/run/datasets/b01/summary.json,/records/136
b1,b01,node32_behavior,941,long8,general,0,0.31062715786420697,0.4339277300653607,,,,0.0001841324354076218,0.3106338430421944,1.0000215215502513,,results/source_records/b1/run/datasets/b01/summary.json,/records/137
b1,b01,node32_behavior,941,reset_iso,reset,0,0.15539792730105717,0.63125530337111,1.0002269494492175,0.08244922157903996,3.1784451558269075e-05,0.00018084933480907062,0.15540446362475255,1.0000420618460548,0.00219346321706263,results/source_records/b1/run/datasets/b01/summary.json,/records/138
b1,b01,node32_behavior,941,reset_iso,reset,256,0.17316169713357613,0.7034150426250134,0.9996645592361643,0.08244922157903996,9.06807797746147e-05,0.0004629080738157003,0.17322086593900995,1.0003416968441248,0.005614462634700964,results/source_records/b1/run/datasets/b01/summary.json,/records/139
b1,b01,node32_behavior,941,reset_ring4,reset,0,0.0709108495550744,0.2880530688255011,1.0000970585825057,0.07733549266416397,2.666618295022342e-05,0.00017490848308051262,0.07092042960952645,1.000135099981345,0.002261684474424541,results/source_records/b1/run/datasets/b01/summary.json,/records/140
b1,b01,node32_behavior,941,reset_ring4,reset,256,0.08130515318868267,0.3302766647738119,0.9988090788683256,0.07733549266416397,5.278716608211288e-05,0.00033516431597289666,0.08137759700744349,1.0008910114048084,0.004333900314418071,results/source_records/b1/run/datasets/b01/summary.json,/records/141
b1,b01,node32_behavior,941,reset_null,reset,0,0.06939948616093287,0.2819136294234267,,0.0,0.0,0.00016842859985129608,0.06939948616093287,1.0,,results/source_records/b1/run/datasets/b01/summary.json,/records/142
b1,b01,node32_behavior,941,reset_null,reset,256,0.07674641257196188,0.3117582119155369,,0.0,0.0,0.00037492663459471844,0.07674641257196188,1.0,,results/source_records/b1/run/datasets/b01/summary.json,/records/143
b1,b01,node32_behavior,947,ring4,general,0,0.028721642320821052,0.04012243211996107,,,,0.00010585440899403251,0.02883664651284162,1.004004095265026,,results/source_records/b1/run/datasets/b01/summary.json,/records/144
b1,b01,node32_behavior,947,ring8,general,0,0.03304013956769506,0.046155116835985624,,,,8.926348566525912e-05,0.032988032948146166,0.998422929799006,,results/source_records/b1/run/datasets/b01/summary.json,/records/145
b1,b01,node32_behavior,947,long8,general,0,0.4322783246309397,0.6038672003223933,,,,0.0005954041595399817,0.4336881617491956,1.0032614106188635,,results/source_records/b1/run/datasets/b01/summary.json,/records/146
b1,b01,node32_behavior,947,reset_iso,reset,0,0.17727863367374863,0.7201388050957406,0.9999106648424112,0.08244922157903996,7.404297968933376e-05,0.0004568766678094543,0.17731933797230956,1.0002296063418215,0.005541309657744548,results/source_records/b1/run/datasets/b01/summary.json,/records/147
b1,b01,node32_behavior,947,reset_iso,reset,256,0.201973020436181,0.8204520002459099,1.000181710806971,0.08244922157903996,9.327731924263802e-05,0.00048150032286499743,0.2020121681396514,1.0001938264001096,0.005839962023212154,results/source_records/b1/run/datasets/b01/summary.json,/records/148
b1,b01,node32_behavior,947,reset_ring4,reset,0,0.08751210803474403,0.3554904705974279,1.0014365834976355,0.07733549266416397,7.188594906336074e-05,0.00047485889445495036,0.0874925015629754,0.9997759570394437,0.00614024528837058,results/source_records/b1/run/datasets/b01/summary.json,/records/149
b1,b01,node32_behavior,947,reset_ring4,reset,256,0.1089654242580111,0.442637833989209,1.0008901571665734,0.07733549266416397,8.938691408711006e-05,0.0005219525407815077,0.10897569734345536,1.0000942783962363,0.006749197849532446,results/source_records/b1/run/datasets/b01/summary.json,/records/150
b1,b01,node32_behavior,947,reset_null,reset,0,0.07166890561976717,0.29113243364973634,,0.0,0.0,0.0003818998112404848,0.07166890561976717,1.0,,results/source_records/b1/run/datasets/b01/summary.json,/records/151
b1,b01,node32_behavior,947,reset_null,reset,256,0.09482317530540608,0.3851893865872615,,0.0,0.0,0.0004443522988835393,0.09482317530540608,1.0,,results/source_records/b1/run/datasets/b01/summary.json,/records/152
b1,b01,node32_behavior,953,ring4,general,0,0.023024509522626104,0.03216387524425361,,,,0.00011465024964363637,0.022948414879312467,0.9966950590960967,,results/source_records/b1/run/datasets/b01/summary.json,/records/153
b1,b01,node32_behavior,953,ring8,general,0,0.02506333113371528,0.03501198820318196,,,,0.0001336478382253369,0.025246053520132133,1.0072904270163456,,results/source_records/b1/run/datasets/b01/summary.json,/records/154
b1,b01,node32_behavior,953,long8,general,0,0.28273505448479413,0.39496411468351444,,,,0.0006293772431971977,0.28352329811672683,1.0027879232498038,,results/source_records/b1/run/datasets/b01/summary.json,/records/155
b1,b01,node32_behavior,953,reset_iso,reset,0,0.12756647894047768,0.5181987801391205,1.0014816665365491,0.08244922157903996,8.789496462979517e-05,0.0006721103691188635,0.12754934529672965,0.9998656885108821,0.008151809759350424,results/source_records/b1/run/datasets/b01/summary.json,/records/156
b1,b01,node32_behavior,953,reset_iso,reset,256,0.13093925294220884,0.5318996158751098,1.0001971255246163,0.08244922157903996,0.000182684665961713,0.0015643419252276093,0.13102246885239602,1.000635530662634,0.018973398356805015,results/source_records/b1/run/datasets/b01/summary.json,/records/157
b1,b01,node32_behavior,953,reset_ring4,reset,0,0.06351651911303631,0.2580159223365901,0.998589888737424,0.07733549266416397,7.062650754789943e-05,0.00047936318658266475,0.06360635819063043,1.0014144206711681,0.006198488818896398,results/source_records/b1/run/datasets/b01/summary.json,/records/158
b1,b01,node32_behavior,953,reset_ring4,reset,256,0.06566490700902801,0.2667430738282293,0.999860713653495,0.07733549266416397,0.00014407140115579617,0.0009281796182509577,0.0657423285979762,1.001179040563288,0.012001987525723248,results/source_records/b1/run/datasets/b01/summary.json,/records/159
b1,b01,node32_behavior,953,reset_null,reset,0,0.06486725094413086,0.26350284643280875,,0.0,0.0,0.000539473485053214,0.06486725094413086,1.0,,results/source_records/b1/run/datasets/b01/summary.json,/records/160
b1,b01,node32_behavior,953,reset_null,reset,256,0.06806932792222457,0.2765102790886396,,0.0,0.0,0.0009899278751373897,0.06806932792222457,1.0,,results/source_records/b1/run/datasets/b01/summary.json,/records/161
b1,b02,fixed_behavior,941,ring4,general,0,0.020458377723438018,0.026885204646548463,,,,0.0026576901559478075,0.022878992531912296,1.1183190007143682,,results/source_records/b1/run/datasets/b02/summary.json,/records/0
b1,b02,fixed_behavior,941,ring8,general,0,0.0266734981572582,0.035052752778909395,,,,0.003937157426232967,0.03034616726192178,1.1376898179237955,,results/source_records/b1/run/datasets/b02/summary.json,/records/1
b1,b02,fixed_behavior,941,long8,general,0,0.1356577951980963,0.17827354813290008,,,,0.048704084661798173,0.13858272243163322,1.0215610701122317,,results/source_records/b1/run/datasets/b02/summary.json,/records/2
b1,b02,fixed_behavior,941,reset_iso,reset,0,0.05473144252250145,0.1895592903168966,0.6688943370738529,0.07000025876732613,0.006273267199418865,0.02812497637255688,0.06945681715586348,1.2690478078904657,0.40178389148590854,results/source_records/b1/run/datasets/b02/summary.json,/records/3
b1,b02,fixed_behavior,941,reset_iso,reset,256,0.054526973888746756,0.18885112463881,0.6643258647926233,0.07000025876732613,0.006366481442062702,0.027740859915966847,0.06945885277988109,1.273843894612607,0.3962965338196062,results/source_records/b1/run/datasets/b02/summary.json,/records/4
b1,b02,fixed_behavior,941,reset_ring4,reset,0,0.04485586174282421,0.1553557685790368,0.7154602532701082,0.0747350712543588,0.0075444848481365295,0.02002907664908111,0.059260653301512665,1.321135098045304,0.2680010377044091,results/source_records/b1/run/datasets/b02/summary.json,/records/5
b1,b02,fixed_behavior,941,reset_ring4,reset,256,0.044612599550240474,0.15451324357947835,0.7151085476400455,0.0747350712543588,0.007528712986596019,0.02012699476297942,0.059022647549956765,1.3230039976372239,0.2693112406955195,results/source_records/b1/run/datasets/b02/summary.json,/records/6
b1,b02,fixed_behavior,941,reset_null,reset,0,0.055684585923137415,0.1928604491803873,,0.0,0.0,0.015171487237254361,0.055684585923137415,1.0,,results/source_records/b1/run/datasets/b02/summary.json,/records/7
b1,b02,fixed_behavior,941,reset_null,reset,256,0.056415439436525106,0.19539171945097122,,0.0,0.0,0.014643167584079414,0.056415439436525106,1.0,,results/source_records/b1/run/datasets/b02/summary.json,/records/8
b1,b02,fixed_behavior,947,ring4,general,0,0.01839759840712925,0.024177048877830714,,,,0.006196787966047633,0.02630334903328879,1.4297164472889017,,results/source_records/b1/run/datasets/b02/summary.json,/records/9
b1,b02,fixed_behavior,947,ring8,general,0,0.02615575264370208,0.03437236187622107,,,,0.007676002780675054,0.03465782976381688,1.3250557242963519,,results/source_records/b1/run/datasets/b02/summary.json,/records/10
b1,b02,fixed_behavior,947,long8,general,0,0.16994051946846692,0.22332590127203342,,,,0.08400129740248002,0.21202492579613552,1.2476419776713552,,results/source_records/b1/run/datasets/b02/summary.json,/records/11
b1,b02,fixed_behavior,947,reset_iso,reset,0,0.036578953609139424,0.12668916014469128,0.3819539852626904,0.07000025876732613,0.029227820562624383,0.04273074065186396,0.0728245543948674,1.9908867589003925,0.6104368955820103,results/source_records/b1/run/datasets/b02/summary.json,/records/12
b1,b02,fixed_behavior,947,reset_iso,reset,256,0.03646085886008148,0.12628014558578626,0.381293931026089,0.07000025876732613,0.029258225230284107,0.042680921397583366,0.07274476391563202,1.9951467461254822,0.6097251945803585,results/source_records/b1/run/datasets/b02/summary.json,/records/13
b1,b02,fixed_behavior,947,reset_ring4,reset,0,0.04011625073490285,0.13894039091618143,0.3784579131396773,0.0747350712543588,0.03485421596256534,0.037683926667366384,0.08076885464961685,2.0133699727662857,0.5042335015525731,results/source_records/b1/run/datasets/b02/summary.json,/records/14
b1,b02,fixed_behavior,947,reset_ring4,reset,256,0.039957512007888794,0.13839060821264276,0.3791843655910262,0.0747350712543588,0.034626009255126156,0.037691065157373776,0.08046886687361046,2.0138607943788776,0.5043290188229467,results/source_records/b1/run/datasets/b02/summary.json,/records/15
b1,b02,fixed_behavior,947,reset_null,reset,0,0.045726816101464916,0.1583722702920049,,0.0,0.0,0.0233904153321278,0.045726816101464916,1.0,,results/source_records/b1/run/datasets/b02/summary.json,/records/16
b1,b02,fixed_behavior,947,reset_null,reset,256,0.044915422940793294,0.15556205545723853,,0.0,0.0,0.023165548164941496,0.044915422940793294,1.0,,results/source_records/b1/run/datasets/b02/summary.json,/records/17
b1,b02,fixed_behavior,953,ring4,general,0,0.02066033040652419,0.027150599062815937,,,,0.0037293821820421264,0.02120010260529827,1.0261260196789315,,results/source_records/b1/run/datasets/b02/summary.json,/records/18
b1,b02,fixed_behavior,953,ring8,general,0,0.02414605107965347,0.031731329505114016,,,,0.004820631805259563,0.026837255050313164,1.1114552421752897,,results/source_records/b1/run/datasets/b02/summary.json,/records/19
b1,b02,fixed_behavior,953,long8,general,0,0.24314903613930064,0.3195322563981651,,,,0.05533953015188838,0.25903356827776713,1.065328377980352,,results/source_records/b1/run/datasets/b02/summary.json,/records/20
b1,b02,fixed_behavior,953,reset_iso,reset,0,0.06513070972935396,0.22557657070807755,0.6940321406001604,0.07000025876732613,0.00826641536189744,0.045359730148715714,0.07997283207579885,1.2278820913839303,0.6479937495586542,results/source_records/b1/run/datasets/b02/summary.json,/records/21
b1,b02,fixed_behavior,953,reset_iso,reset,256,0.06512305672121467,0.2255500649423821,0.6942236228101163,0.07000025876732613,0.008101290120951113,0.04652940162788727,0.07987591456182007,1.2265381661023824,0.6647032803485249,results/source_records/b1/run/datasets/b02/summary.json,/records/22
b1,b02,fixed_behavior,953,reset_ring4,reset,0,0.06857917532761798,0.23752013845198292,0.7719253892766623,0.0747350712543588,0.008178539106895255,0.024838786589135724,0.08119103100526956,1.1839021192279133,0.33235783645134404,results/source_records/b1/run/datasets/b02/summary.json,/records/23
b1,b02,fixed_behavior,953,reset_ring4,reset,256,0.06776030153015417,0.23468401485004192,0.7712044263477275,0.0747350712543588,0.00807244576641966,0.024643216137507185,0.08034605116669981,1.185739280261981,0.32974098671338203,results/source_records/b1/run/datasets/b02/summary.json,/records/24
b1,b02,fixed_behavior,953,reset_null,reset,0,0.08035018213264293,0.2782883622268002,,0.0,0.0,0.01283715555296963,0.08035018213264293,1.0,,results/source_records/b1/run/datasets/b02/summary.json,/records/25
b1,b02,fixed_behavior,953,reset_null,reset,256,0.07924984577968783,0.27447740880472843,,0.0,0.0,0.013302156479978991,0.07924984577968783,1.0,,results/source_records/b1/run/datasets/b02/summary.json,/records/26
b1,b02,free_behavior,941,ring4,general,0,0.017676990727706874,0.023230068369745283,,,,0.0012300217092217475,0.018607794640152296,1.0526562426141053,,results/source_records/b1/run/datasets/b02/summary.json,/records/27
b1,b02,free_behavior,941,ring8,general,0,0.024357547099429906,0.03200926521685452,,,,0.001547509826085372,0.025628660012963895,1.0521855878321893,,results/source_records/b1/run/datasets/b02/summary.json,/records/28
b1,b02,free_behavior,941,long8,general,0,0.15266805940687359,0.2006274434674703,,,,0.009937751904852729,0.15751591581830818,1.0317542282928653,,results/source_records/b1/run/datasets/b02/summary.json,/records/29
b1,b02,free_behavior,941,reset_iso,reset,0,0.05762121100262165,0.19956784183728665,0.8892589087422035,0.07000025876732613,0.0009009285137677117,0.00882540239498087,0.061947627780957915,1.0750837530668944,0.1260767110063925,results/source_records/b1/run/datasets/b02/summary.json,/records/30
b1,b02,free_behavior,941,reset_iso,reset,256,0.056903172548218243,0.1970809558068117,1.0000687451198498,0.07000025876732613,2.734708751593329e-08,1.0127273912310808e-07,0.056900780133673716,0.9999579563943909,1.4467480678854137e-06,results/source_records/b1/run/datasets/b02/summary.json,/records/31
b1,b02,free_behavior,941,reset_ring4,reset,0,0.05317099736673534,0.18415477578790618,0.935211143280242,0.0747350712543588,0.0011449253219712558,0.005140700529707033,0.05616445993053371,1.0562987852785912,0.068785651012639,results/source_records/b1/run/datasets/b02/summary.json,/records/32
b1,b02,free_behavior,941,reset_ring4,reset,256,0.053147874681996075,0.18407469166244952,1.0001099704536298,0.0747350712543588,7.09940369721004e-08,3.2201666757094616e-07,0.053143800854190605,0.9999233491869648,4.308775815239021e-06,results/source_records/b1/run/datasets/b02/summary.json,/records/33
b1,b02,free_behavior,941,reset_null,reset,0,0.06114648333001866,0.21177742539212238,,0.0,0.0,0.005404335062717049,0.06114648333001866,1.0,,results/source_records/b1/run/datasets/b02/summary.json,/records/34
b1,b02,free_behavior,941,reset_null,reset,256,0.06760254844193869,0.23413764585136024,,0.0,0.0,7.567577687211729e-08,0.06760254844193869,1.0,,results/source_records/b1/run/datasets/b02/summary.json,/records/35
b1,b02,free_behavior,947,ring4,general,0,0.0208580259943351,0.027410399053209446,,,,0.0006917415186978732,0.021792098456927617,1.0447823999666221,,results/source_records/b1/run/datasets/b02/summary.json,/records/36
b1,b02,free_behavior,947,ring8,general,0,0.024183668244115202,0.031780763784725434,,,,0.0008735189107924677,0.02490357873512949,1.0297684571152463,,results/source_records/b1/run/datasets/b02/summary.json,/records/37
b1,b02,free_behavior,947,long8,general,0,0.10123402509671116,0.13303584080378017,,,,0.004704135118887949,0.10078788630028068,0.9955929955762969,,results/source_records/b1/run/datasets/b02/summary.json,/records/38
b1,b02,free_behavior,947,reset_iso,reset,0,0.04272979363080726,0.14799225057357537,0.968636969366435,0.07000025876732613,0.0003742873813325364,0.002394528844207737,0.044014647450121624,1.030069272751835,0.03420742846347057,results/source_records/b1/run/datasets/b02/summary.json,/records/39
b1,b02,free_behavior,947,reset_iso,reset,256,0.04469892146562445,0.15481221470585152,0.9988900517590654,0.07000025876732613,3.837602338423093e-07,2.445540891308351e-06,0.04473796167772707,1.0008734038948264,3.4936169299560515e-05,results/source_records/b1/run/datasets/b02/summary.json,/records/40
b1,b02,free_behavior,947,reset_ring4,reset,0,0.039930720254890674,0.13829781647446443,0.9537078653010066,0.0747350712543588,0.0009718882419191503,0.002682023653934111,0.04214648736462146,1.0554902865660032,0.035887082315154493,results/source_records/b1/run/datasets/b02/summary.json,/records/41
b1,b02,free_behavior,947,reset_ring4,reset,256,0.03926176191743399,0.13598091668422546,0.9977109447683553,0.0747350712543588,1.4263636268633659e-06,3.1703252802288985e-06,0.03934801145201646,1.0021967820691249,4.2420850438996464e-05,results/source_records/b1/run/datasets/b02/summary.json,/records/42
b1,b02,free_behavior,947,reset_null,reset,0,0.05368984928550419,0.1859517903917319,,0.0,0.0,0.002407593402541447,0.05368984928550419,1.0,,results/source_records/b1/run/datasets/b02/summary.json,/records/43
b1,b02,free_behavior,947,reset_null,reset,256,0.05026741770795944,0.17409839002263328,,0.0,0.0,2.4636722876769743e-06,0.05026741770795944,1.0,,results/source_records/b1/run/datasets/b02/summary.json,/records/44
b1,b02,free_behavior,953,ring4,general,0,0.02012536132374799,0.02644757395181034,,,,5.171629142580893e-05,0.02029915203051412,1.0086354080292241,,results/source_records/b1/run/datasets/b02/summary.json,/records/45
b1,b02,free_behavior,953,ring8,general,0,0.02448291968634943,0.032174022545219665,,,,6.544999652862949e-05,0.02471200944110231,1.0093571256078828,,results/source_records/b1/run/datasets/b02/summary.json,/records/46
b1,b02,free_behavior,953,long8,general,0,0.098988983271392,0.13008553801195044,,,,6.645218741562397e-05,0.09898712078215709,0.9999811848836774,,results/source_records/b1/run/datasets/b02/summary.json,/records/47
b1,b02,free_behavior,953,reset_iso,reset,0,0.043872548261886475,0.1519501173296848,0.998202543461763,0.07000025876732613,2.6112739744109043e-06,1.509379509862032e-05,0.04393676511014668,1.0014637136616018,0.00021562484717078815,results/source_records/b1/run/datasets/b02/summary.json,/records/48
b1,b02,free_behavior,953,reset_iso,reset,256,0.04328380175712602,0.14991102673613682,0.9999999397878009,0.07000025876732613,6.099929599263244e-10,4.01767105294283e-09,0.04328380416955498,1.000000055735145,5.739508858527463e-08,results/source_records/b1/run/datasets/b02/summary.json,/records/49
b1,b02,free_behavior,953,reset_ring4,reset,0,0.0426204850008523,0.1476136662468192,1.0003993474768347,0.0747350712543588,2.353747954135554e-06,2.024260767504372e-05,0.04260673924375641,0.9996774847330899,0.0002708582106806127,results/source_records/b1/run/datasets/b02/summary.json,/records/50
b1,b02,free_behavior,953,reset_ring4,reset,256,0.041361240577134105,0.14325234360860456,1.0000189887996505,0.0747350712543588,1.3986033545177955e-09,1.3535543209600915e-08,0.041360531711790875,0.9999828616034399,1.811136723685331e-07,results/source_records/b1/run/datasets/b02/summary.json,/records/51
b1,b02,free_behavior,953,reset_null,reset,0,0.051743679471243365,0.1792113400797238,,0.0,0.0,2.188973879069029e-05,0.051743679471243365,1.0,,results/source_records/b1/run/datasets/b02/summary.json,/records/52
b1,b02,free_behavior,953,reset_null,reset,256,0.050519985134048186,0.1749731431780405,,0.0,0.0,4.98625921098046e-09,0.050519985134048186,1.0,,results/source_records/b1/run/datasets/b02/summary.json,/records/53
b1,b02,gru4_behavior,941,ring4,general,0,0.16888074930896924,0.22193321324947538,,,,0.00240595339097027,0.1707532865977018,1.0110879262224657,,results/source_records/b1/run/datasets/b02/summary.json,/records/54
b1,b02,gru4_behavior,941,ring8,general,0,0.19203645437479067,0.2523630878878986,,,,0.002331561166993129,0.19309796519494193,1.0055276526720263,,results/source_records/b1/run/datasets/b02/summary.json,/records/55
b1,b02,gru4_behavior,941,long8,general,0,0.9011273182480507,1.1842088698919047,,,,0.001837349994518685,0.8987873739524178,0.9974033144393157,,results/source_records/b1/run/datasets/b02/summary.json,/records/56
b1,b02,gru4_behavior,941,reset_iso,reset,0,0.32284459785966524,1.118154209580022,1.0025397307664956,0.07000025876732613,0.00016338764840087366,0.0007124991368080228,0.32283740077907713,0.9999777072912608,0.010178521470560541,results/source_records/b1/run/datasets/b02/summary.json,/records/57
b1,b02,gru4_behavior,941,reset_iso,reset,256,0.32215566521850064,1.1157681299059552,1.0027061663408032,0.07000025876732613,0.00015674284296950694,0.0006868138633989235,0.32213932046857,0.9999492644342618,0.009811590349713194,results/source_records/b1/run/datasets/b02/summary.json,/records/58
b1,b02,gru4_behavior,941,reset_ring4,reset,0,0.29447542350352074,1.0198991607455943,0.9956572076984814,0.0747350712543588,0.00011692481019248344,0.0006086710936472791,0.294696165354724,1.0007496104380358,0.008144383666614614,results/source_records/b1/run/datasets/b02/summary.json,/records/59
b1,b02,gru4_behavior,941,reset_ring4,reset,256,0.2952250844998057,1.0224955696813833,0.995740070140193,0.0747350712543588,9.910563720486825e-05,0.0005269197885183029,0.2954338203992794,1.000707039850043,0.007050502256496761,results/source_records/b1/run/datasets/b02/summary.json,/records/60
b1,b02,gru4_behavior,941,reset_null,reset,0,0.341460486052648,1.1826292972415564,,0.0,0.0,0.0005133340329195865,0.341460486052648,1.0,,results/source_records/b1/run/datasets/b02/summary.json,/records/61
b1,b02,gru4_behavior,941,reset_null,reset,256,0.3426809998641908,1.1868564785705138,,0.0,0.0,0.0004738175984476993,0.3426809998641908,1.0,,results/source_records/b1/run/datasets/b02/summary.json,/records/62
b1,b02,gru4_behavior,947,ring4,general,0,0.05304218260317974,0.06970493718826662,,,,0.009760748247282982,0.05131916652158001,0.9675161164748819,,results/source_records/b1/run/datasets/b02/summary.json,/records/63
b1,b02,gru4_behavior,947,ring8,general,0,0.059518672845782994,0.07821596225181705,,,,0.009650487145863603,0.060839350666773706,1.0221893022449051,,results/source_records/b1/run/datasets/b02/summary.json,/records/64
b1,b02,gru4_behavior,947,long8,general,0,0.41129669206028696,0.5405020811508893,,,,0.03310387147204915,0.4281735266740833,1.041033236929906,,results/source_records/b1/run/datasets/b02/summary.json,/records/65
b1,b02,gru4_behavior,947,reset_iso,reset,0,0.15319527853356016,0.5305832797442178,0.7706923974313685,0.07000025876732613,0.00511121967473847,0.01953727830930906,0.16377668411651966,1.0690713557509637,0.27910294409409286,results/source_records/b1/run/datasets/b02/summary.json,/records/66
b1,b02,gru4_behavior,947,reset_iso,reset,256,0.1523134133165798,0.5275289888835809,0.7747917458677557,0.07000025876732613,0.005005852551801697,0.019623194192240765,0.16269865762930646,1.0681833863911985,0.28033030931308844,results/source_records/b1/run/datasets/b02/summary.json,/records/67
b1,b02,gru4_behavior,947,reset_ring4,reset,0,0.14054036689886057,0.48675370102426246,0.8160379043180845,0.0747350712543588,0.008715408990697416,0.016144393615892604,0.15177228152803032,1.0799194912964243,0.21602165281873614,results/source_records/b1/run/datasets/b02/summary.json,/records/68
b1,b02,gru4_behavior,947,reset_ring4,reset,256,0.13996973294353085,0.48477734223272223,0.8134209746911394,0.0747350712543588,0.008602778878590485,0.015810795937982375,0.15124312074930923,1.0805416111662263,0.21155791615118366,results/source_records/b1/run/datasets/b02/summary.json,/records/69
b1,b02,gru4_behavior,947,reset_null,reset,0,0.1638088445891841,0.5673427722134404,,0.0,0.0,0.011315962479531374,0.1638088445891841,1.0,,results/source_records/b1/run/datasets/b02/summary.json,/records/70
b1,b02,gru4_behavior,947,reset_null,reset,256,0.16138972520678904,0.5589642875219374,,0.0,0.0,0.011941672668093236,0.16138972520678904,1.0,,results/source_records/b1/run/datasets/b02/summary.json,/records/71
b1,b02,gru4_behavior,953,ring4,general,0,0.04661634567600347,0.06126047775224004,,,,0.002444178361313148,0.04751704123571885,1.0193214535943136,,results/source_records/b1/run/datasets/b02/summary.json,/records/72
b1,b02,gru4_behavior,953,ring8,general,0,0.05290385372920677,0.0695231534644756,,,,0.0026593165760768985,0.05375290618588977,1.0160489718013541,,results/source_records/b1/run/datasets/b02/summary.json,/records/73
b1,b02,gru4_behavior,953,long8,general,0,0.3651097766661307,0.47980593558397494,,,,0.007582815719773429,0.36104505703296547,0.988867130126504,,results/source_records/b1/run/datasets/b02/summary.json,/records/74
b1,b02,gru4_behavior,953,reset_iso,reset,0,0.11882849169807629,0.4115558355044996,0.9469683000211858,0.07000025876732613,0.0007332901747677285,0.004106144927611304,0.12105125314438026,1.0187056270305244,0.05865899640828071,results/source_records/b1/run/datasets/b02/summary.json,/records/75
b1,b02,gru4_behavior,953,reset_iso,reset,256,0.11869963191290427,0.41110953684504886,0.9454479685383097,0.07000025876732613,0.0007506507625350691,0.004135818907290769,0.12098428545132478,1.0192473515006084,0.0590829088366347,results/source_records/b1/run/datasets/b02/summary.json,/records/76
b1,b02,gru4_behavior,953,reset_ring4,reset,0,0.11355724233091175,0.3932991581163182,0.9577714520999492,0.0747350712543588,0.001205153111150923,0.005175314241959262,0.11573779565734627,1.0192022391674525,0.06924880320706753,results/source_records/b1/run/datasets/b02/summary.json,/records/77
b1,b02,gru4_behavior,953,reset_ring4,reset,256,0.11382687265880172,0.39423300767787,0.9623055447023416,0.0747350712543588,0.0013802324073400776,0.005694746378245601,0.1159255377610187,1.0184373430737026,0.07619911619356975,results/source_records/b1/run/datasets/b02/summary.json,/records/78
b1,b02,gru4_behavior,953,reset_null,reset,0,0.1400272909779469,0.484976691265985,,0.0,0.0,0.0028005259458465178,0.1400272909779469,1.0,,results/source_records/b1/run/datasets/b02/summary.json,/records/79
b1,b02,gru4_behavior,953,reset_null,reset,256,0.1390997891043777,0.4817643403974859,,0.0,0.0,0.0029627452971387135,0.1390997891043777,1.0,,results/source_records/b1/run/datasets/b02/summary.json,/records/80
b1,b02,gru32_behavior,941,ring4,general,0,0.02443873928224008,0.032115963239545284,,,,0.00269653417264201,0.02323152767493868,0.9506025415894226,,results/source_records/b1/run/datasets/b02/summary.json,/records/81
b1,b02,gru32_behavior,941,ring8,general,0,0.028664170408284558,0.037668777938701735,,,,0.004944809285931935,0.029693935389139045,1.0359251625352068,,results/source_records/b1/run/datasets/b02/summary.json,/records/82
b1,b02,gru32_behavior,941,long8,general,0,0.15416158975077596,0.20259015378030432,,,,0.05437839384895657,0.1603858968680055,1.0403752136137934,,results/source_records/b1/run/datasets/b02/summary.json,/records/83
b1,b02,gru32_behavior,941,reset_iso,reset,0,0.05663598988611821,0.19615558359883747,0.840438904375442,0.07000025876732613,0.0038163204505448634,0.040812656287563205,0.06412880910612162,1.132297841621021,0.5830357916707194,results/source_records/b1/run/datasets/b02/summary.json,/records/84
b1,b02,gru32_behavior,941,reset_iso,reset,256,0.05498372621951506,0.19043306079251968,0.8392500035561776,0.07000025876732613,0.0038918710324489093,0.04166379787534188,0.06255593240950841,1.1377172249069176,0.5951949122620843,results/source_records/b1/run/datasets/b02/summary.json,/records/85
b1,b02,gru32_behavior,941,reset_ring4,reset,0,0.05052969262817087,0.17500676454104214,0.8314003071612445,0.0747350712543588,0.0060037883781186435,0.02179809836893819,0.05983174183893639,1.1840907539100984,0.2916716074940098,results/source_records/b1/run/datasets/b02/summary.json,/records/86
b1,b02,gru32_behavior,941,reset_ring4,reset,256,0.04937582787054904,0.17101041848298695,0.8256929505381607,0.0747350712543588,0.006259405132638478,0.022917687347565857,0.059018955326138905,1.1953005725974197,0.30665237836685977,results/source_records/b1/run/datasets/b02/summary.json,/records/87
b1,b02,gru32_behavior,941,reset_null,reset,0,0.043234806045530226,0.14974133282911342,,0.0,0.0,0.013626229428109973,0.043234806045530226,1.0,,results/source_records/b1/run/datasets/b02/summary.json,/records/88
b1,b02,gru32_behavior,941,reset_null,reset,256,0.043698122120696396,0.15134600214446722,,0.0,0.0,0.01398880534868665,0.043698122120696396,1.0,,results/source_records/b1/run/datasets/b02/summary.json,/records/89
b1,b02,gru32_behavior,947,ring4,general,0,0.026789118648976734,0.0352046944735642,,,,0.002574674415362697,0.025493279702007748,0.9516281605248523,,results/source_records/b1/run/datasets/b02/summary.json,/records/90
b1,b02,gru32_behavior,947,ring8,general,0,0.03047070420897072,0.04004281910603787,,,,0.003722577312679859,0.03164768121961383,1.0386265116346278,,results/source_records/b1/run/datasets/b02/summary.json,/records/91
b1,b02,gru32_behavior,947,long8,general,0,0.1748119226337507,0.22972761468181443,,,,0.02566374147729672,0.17323098152839686,0.9909563313443668,,results/source_records/b1/run/datasets/b02/summary.json,/records/92
b1,b02,gru32_behavior,947,reset_iso,reset,0,0.04765597214009112,0.1650537943435991,0.7875424249203944,0.07000025876732613,0.003844305649830727,0.018389326604517222,0.057014167583955444,1.1963698362160078,0.26270369464835136,results/source_records/b1/run/datasets/b02/summary.json,/records/93
b1,b02,gru32_behavior,947,reset_iso,reset,256,0.048286665762238466,0.1672381664323211,0.7799041810809841,0.07000025876732613,0.003848733997544582,0.018890241283784203,0.05791441491032606,1.1993873255920016,0.26985959218484434,results/source_records/b1/run/datasets/b02/summary.json,/records/94
b1,b02,gru32_behavior,947,reset_ring4,reset,0,0.05486630347129168,0.19002637367092348,0.8655474495323751,0.0747350712543588,0.005301165409336302,0.015481006228832658,0.0625410466482741,1.1398808137493384,0.2071451323856168,results/source_records/b1/run/datasets/b02/summary.json,/records/95
b1,b02,gru32_behavior,947,reset_ring4,reset,256,0.06058636372213908,0.2098374824549601,0.8680986281293721,0.0747350712543588,0.005258563238955581,0.016419945343741665,0.06814447454987,1.1247493720269117,0.21970869992023992,results/source_records/b1/run/datasets/b02/summary.json,/records/96
b1,b02,gru32_behavior,947,reset_null,reset,0,0.05217588440687282,0.18070825770318488,,0.0,0.0,0.008964492298452429,0.05217588440687282,1.0,,results/source_records/b1/run/datasets/b02/summary.json,/records/97
b1,b02,gru32_behavior,947,reset_null,reset,256,0.05712748928227015,0.19785786427027127,,0.0,0.0,0.010105817484425463,0.05712748928227015,1.0,,results/source_records/b1/run/datasets/b02/summary.json,/records/98
b1,b02,gru32_behavior,953,ring4,general,0,0.025675859587873617,0.03374171446180636,,,,0.0030457243933936884,0.025847816170616728,1.006697208409113,,results/source_records/b1/run/datasets/b02/summary.json,/records/99
b1,b02,gru32_behavior,953,ring8,general,0,0.030189396836084837,0.03967314139303156,,,,0.0043748954897269,0.030559800049891037,1.012269314813321,,results/source_records/b1/run/datasets/b02/summary.json,/records/100
b1,b02,gru32_behavior,953,long8,general,0,0.16483274411965265,0.21661356134958967,,,,0.034838004397338224,0.1664423485482718,1.0097650769403606,,results/source_records/b1/run/datasets/b02/summary.json,/records/101
b1,b02,gru32_behavior,953,reset_iso,reset,0,0.0525205717124135,0.1819020629092631,0.778878352171938,0.07000025876732613,0.005582940594336697,0.03126280907544455,0.06305132829538594,1.2005072724766903,0.4466099072484718,results/source_records/b1/run/datasets/b02/summary.json,/records/102
b1,b02,gru32_behavior,953,reset_iso,reset,256,0.05375820421487729,0.1861885338668614,0.7788421765050919,0.07000025876732613,0.00563597960538059,0.03274509842600116,0.0643167464542979,1.1964080161088897,0.46778539112037565,results/source_records/b1/run/datasets/b02/summary.json,/records/103
b1,b02,gru32_behavior,953,reset_ring4,reset,0,0.056167708786192844,0.19453371819789955,0.8588516552877314,0.0747350712543588,0.00688562362044768,0.01727390448822777,0.06488488638698094,1.1551990955153746,0.2311351845699926,results/source_records/b1/run/datasets/b02/summary.json,/records/104
b1,b02,gru32_behavior,953,reset_ring4,reset,256,0.05750269521382335,0.19915736903078757,0.8558435045607968,0.0747350712543588,0.0071014911736104434,0.018089547541975642,0.06644021379245507,1.1554278203029897,0.24204897698442482,results/source_records/b1/run/datasets/b02/summary.json,/records/105
b1,b02,gru32_behavior,953,reset_null,reset,0,0.04744778342764395,0.16433274438100676,,0.0,0.0,0.008140855640772502,0.04744778342764395,1.0,,results/source_records/b1/run/datasets/b02/summary.json,/records/106
b1,b02,gru32_behavior,953,reset_null,reset,256,0.05121717354654756,0.1773878162544209,,0.0,0.0,0.00840506465851971,0.05121717354654756,1.0,,results/source_records/b1/run/datasets/b02/summary.json,/records/107
b1,b02,graph32_behavior,941,ring4,general,0,0.027026173158626893,0.03551621765934595,,,,0.0021712804208790268,0.026179459556498908,0.9686706069276512,,results/source_records/b1/run/datasets/b02/summary.json,/records/108
b1,b02,graph32_behavior,941,ring8,general,0,0.031093896442115982,0.04086178192648942,,,,0.0034701182766548673,0.03237402418430684,1.0411697435403096,,results/source_records/b1/run/datasets/b02/summary.json,/records/109
b1,b02,graph32_behavior,941,long8,general,0,0.16855304138503055,0.22150255864340201,,,,0.051805153978389806,0.18082853008580044,1.072828639577785,,results/source_records/b1/run/datasets/b02/summary.json,/records/110
b1,b02,graph32_behavior,941,reset_iso,reset,0,0.07234462273048967,0.25056155494891713,0.7700419990560229,0.07000025876732613,0.006856256877206299,0.04975317406255608,0.08382131095653826,1.1586391329844028,0.7107570020266735,results/source_records/b1/run/datasets/b02/summary.json,/records/111
b1,b02,graph32_behavior,941,reset_iso,reset,256,0.0678150670898358,0.23487369230323146,0.7631800230312593,0.07000025876732613,0.007458810175332287,0.05149612511226211,0.0798332020094256,1.177219243972275,0.7356562106924504,results/source_records/b1/run/datasets/b02/summary.json,/records/112
b1,b02,graph32_behavior,941,reset_ring4,reset,0,0.0632209063686493,0.21896207357416472,0.8500537316804513,0.0747350712543588,0.006858321812477891,0.01841174535138428,0.07225318981459086,1.1428686168033269,0.2463601765859084,results/source_records/b1/run/datasets/b02/summary.json,/records/113
b1,b02,graph32_behavior,941,reset_ring4,reset,256,0.059798249082303995,0.20710789147525813,0.8436667717168439,0.0747350712543588,0.007538199484135109,0.020324518142644018,0.06940913631113524,1.1607218836057087,0.27195422177989326,results/source_records/b1/run/datasets/b02/summary.json,/records/114
b1,b02,graph32_behavior,941,reset_null,reset,0,0.06652629613043771,0.2304101061599631,,0.0,0.0,0.01676379174731654,0.06652629613043771,1.0,,results/source_records/b1/run/datasets/b02/summary.json,/records/115
b1,b02,graph32_behavior,941,reset_null,reset,256,0.060479965772257595,0.2094689791058584,,0.0,0.0,0.016637825165582522,0.060479965772257595,1.0,,results/source_records/b1/run/datasets/b02/summary.json,/records/116
b1,b02,graph32_behavior,947,ring4,general,0,0.020414792693823323,0.026827927747247966,,,,0.0048052072578692985,0.02577212214760487,1.262423896932466,,results/source_records/b1/run/datasets/b02/summary.json,/records/117
b1,b02,graph32_behavior,947,ring8,general,0,0.02856961691006855,0.03754452125598969,,,,0.0059350864047886505,0.036253906125924946,1.2689671772654496,,results/source_records/b1/run/datasets/b02/summary.json,/records/118
b1,b02,graph32_behavior,947,long8,general,0,0.21916870037715278,0.28801870028077686,,,,0.029063784781385858,0.2389647510141019,1.09032334727944,,results/source_records/b1/run/datasets/b02/summary.json,/records/119
b1,b02,graph32_behavior,947,reset_iso,reset,0,0.03760632424955714,0.13024740090200246,0.39447967204563844,0.07000025876732613,0.029436239039354318,0.031141260875214936,0.0735177336082324,1.95493005698631,0.444873510806944,results/source_records/b1/run/datasets/b02/summary.json,/records/120
b1,b02,graph32_behavior,947,reset_iso,reset,256,0.03933506949064327,0.1362348133643046,0.39229968287929323,0.07000025876732613,0.030832696771656353,0.03238007742340592,0.07602100763444038,1.9326521757518105,0.4625708246455783,results/source_records/b1/run/datasets/b02/summary.json,/records/121
b1,b02,graph32_behavior,947,reset_ring4,reset,0,0.05572757682627492,0.19300934576913473,0.6638429716260075,0.0747350712543588,0.01201884776645396,0.014920969791899422,0.07429836043651962,1.3332422593599798,0.19965150954518132,results/source_records/b1/run/datasets/b02/summary.json,/records/122
b1,b02,graph32_behavior,947,reset_ring4,reset,256,0.05409953734238119,0.1873707220648919,0.6695157436236642,0.0747350712543588,0.015137097073707856,0.017040420946488267,0.07401746811016958,1.3681719243130168,0.2280110349863942,results/source_records/b1/run/datasets/b02/summary.json,/records/123
b1,b02,graph32_behavior,947,reset_null,reset,0,0.050787420676064225,0.17589939122146148,,0.0,0.0,0.03245670434981866,0.050787420676064225,1.0,,results/source_records/b1/run/datasets/b02/summary.json,/records/124
b1,b02,graph32_behavior,947,reset_null,reset,256,0.053870101923048426,0.18657608532122488,,0.0,0.0,0.03195218887653398,0.053870101923048426,1.0,,results/source_records/b1/run/datasets/b02/summary.json,/records/125
b1,b02,graph32_behavior,953,ring4,general,0,0.02032465037950213,0.02670946798467049,,,,0.002875119148250694,0.022966522284773888,1.1299836334668834,,results/source_records/b1/run/datasets/b02/summary.json,/records/126
b1,b02,graph32_behavior,953,ring8,general,0,0.02622577485610579,0.03446438097645115,,,,0.0031352629347524003,0.030996606338829905,1.1819138427329778,,results/source_records/b1/run/datasets/b02/summary.json,/records/127
b1,b02,graph32_behavior,953,long8,general,0,0.3659889017511002,0.4809612304044554,,,,0.023395196979746045,0.3720926720744655,1.0166774738090727,,results/source_records/b1/run/datasets/b02/summary.json,/records/128
b1,b02,graph32_behavior,953,reset_iso,reset,0,0.046619870904681206,0.1614653156587916,0.5172522873326368,0.07000025876732613,0.027047065106908103,0.03508077813470755,0.07703963583289458,1.6525064170685821,0.501152120755904,results/source_records/b1/run/datasets/b02/summary.json,/records/129
b1,b02,graph32_behavior,953,reset_iso,reset,256,0.046347245546279704,0.16052109297656042,0.5164414167972533,0.07000025876732613,0.026330572263427696,0.035866368454475626,0.07643714465267991,1.6492273435398477,0.5123747981231306,results/source_records/b1/run/datasets/b02/summary.json,/records/130
b1,b02,graph32_behavior,953,reset_ring4,reset,0,0.13025708433266062,0.4511381269495324,0.8434517582368332,0.0747350712543588,0.00761762178036499,0.010282384144296698,0.13991571721520413,1.0741505380074112,0.13758445628961644,results/source_records/b1/run/datasets/b02/summary.json,/records/131
b1,b02,graph32_behavior,953,reset_ring4,reset,256,0.13509666476478832,0.4678997431223294,0.8699960408120349,0.0747350712543588,0.007669828243814206,0.012166743832457116,0.1437895064634494,1.0643453464509716,0.16279831715216986,results/source_records/b1/run/datasets/b02/summary.json,/records/132
b1,b02,graph32_behavior,953,reset_null,reset,0,0.05464225800105562,0.18925040471451962,,0.0,0.0,0.033163254586858364,0.05464225800105562,1.0,,results/source_records/b1/run/datasets/b02/summary.json,/records/133
b1,b02,graph32_behavior,953,reset_null,reset,256,0.05457443713558622,0.18901551093985305,,0.0,0.0,0.03384841817689924,0.05457443713558622,1.0,,results/source_records/b1/run/datasets/b02/summary.json,/records/134
b1,b02,node32_behavior,941,ring4,general,0,0.027453130481220334,0.03607730002611233,,,,0.0003192557997069516,0.027295970266442912,0.994275326273449,,results/source_records/b1/run/datasets/b02/summary.json,/records/135
b1,b02,node32_behavior,941,ring8,general,0,0.03357984838457538,0.044128674718186,,,,0.0003647039627627436,0.03360622156636141,1.0007853871608945,,results/source_records/b1/run/datasets/b02/summary.json,/records/136
b1,b02,node32_behavior,941,long8,general,0,0.20071788805309007,0.26377172078253525,,,,0.0010305525638459056,0.20072053316455196,1.0000131782547512,,results/source_records/b1/run/datasets/b02/summary.json,/records/137
b1,b02,node32_behavior,941,reset_iso,reset,0,0.0802852940369528,0.2780636259362488,1.0047584870200548,0.07000025876732613,0.0003118650658457717,0.0008295486936400154,0.08027467890967449,0.9998677824201102,0.011850651815407603,results/source_records/b1/run/datasets/b02/summary.json,/records/138
b1,b02,node32_behavior,941,reset_iso,reset,256,0.07830072240807419,0.27119017308693616,1.0075455432716103,0.07000025876732613,0.0005698943623733776,0.001523061262919165,0.07832157460089761,1.0002663090733026,0.021757937609654682,results/source_records/b1/run/datasets/b02/summary.json,/records/139
b1,b02,node32_behavior,941,reset_ring4,reset,0,0.07255416167773553,0.2512872813742228,0.9986936049829217,0.0747350712543588,0.00021313114344595472,0.0009066462744455917,0.07270954401241177,1.002141604714095,0.012131469994319608,results/source_records/b1/run/datasets/b02/summary.json,/records/140
b1,b02,node32_behavior,941,reset_ring4,reset,256,0.0744149984810588,0.2577321855751033,0.9980931896641514,0.0747350712543588,0.00035054044563115366,0.001460025883564874,0.0746615215084538,1.0033128137126517,0.01953602049291845,results/source_records/b1/run/datasets/b02/summary.json,/records/141
b1,b02,node32_behavior,941,reset_null,reset,0,0.09659001339775375,0.33453410959980145,,0.0,0.0,0.0009611938672914998,0.09659001339775375,1.0,,results/source_records/b1/run/datasets/b02/summary.json,/records/142
b1,b02,node32_behavior,941,reset_null,reset,256,0.09834040021274004,0.3405964764430003,,0.0,0.0,0.0014940702795754877,0.09834040021274004,1.0,,results/source_records/b1/run/datasets/b02/summary.json,/records/143
b1,b02,node32_behavior,947,ring4,general,0,0.02103759113122243,0.02764637306433891,,,,0.00019701773350083883,0.021267092537840798,1.0109091105149277,,results/source_records/b1/run/datasets/b02/summary.json,/records/144
b1,b02,node32_behavior,947,ring8,general,0,0.027774036074458358,0.0364990154066306,,,,0.0002134956095889509,0.027939537605895483,1.0059588577977445,,results/source_records/b1/run/datasets/b02/summary.json,/records/145
b1,b02,node32_behavior,947,long8,general,0,0.26923555335703825,0.35381363312292363,,,,0.004886145907056099,0.2688839463093161,0.9986940541717539,,results/source_records/b1/run/datasets/b02/summary.json,/records/146
b1,b02,node32_behavior,947,reset_iso,reset,0,0.06443413972700669,0.2231640394606743,0.9691626549261907,0.07000025876732613,0.0008541389502543422,0.004082341448385765,0.06594052026954107,1.0233786087455592,0.05831894796210769,results/source_records/b1/run/datasets/b02/summary.json,/records/147
b1,b02,node32_behavior,947,reset_iso,reset,256,1.1158761462185451,3.8647746269756715,1.1190875256900323,0.07000025876732613,0.0035119744935641177,0.016522319703385503,1.1134640546550467,0.9978383877353482,0.23603226608495897,results/source_records/b1/run/datasets/b02/summary.json,/records/148
b1,b02,node32_behavior,947,reset_ring4,reset,0,0.06159414863255636,0.21332788913174808,0.9895376313708113,0.0747350712543588,0.0009216131062558951,0.00428132021421579,0.06244590811884726,1.013828577960743,0.05728662784898448,results/source_records/b1/run/datasets/b02/summary.json,/records/149
b1,b02,node32_behavior,947,reset_ring4,reset,256,0.9557098645232479,3.3100476676346213,1.0799188717063437,0.0747350712543588,0.003443216595766206,0.01700197193030187,0.954445101541067,0.9986766245393817,0.22749656412898997,results/source_records/b1/run/datasets/b02/summary.json,/records/150
b1,b02,node32_behavior,947,reset_null,reset,0,0.07810457201357861,0.2705108171653254,,0.0,0.0,0.0027157940057867536,0.07810457201357861,1.0,,results/source_records/b1/run/datasets/b02/summary.json,/records/151
b1,b02,node32_behavior,947,reset_null,reset,256,1.0298773528489145,3.5669226156285467,,0.0,0.0,0.008113513551695649,1.0298773528489145,1.0,,results/source_records/b1/run/datasets/b02/summary.json,/records/152
b1,b02,node32_behavior,953,ring4,general,0,0.02356950208968818,0.030973662509542834,,,,4.270083762660786e-05,0.023553301359780194,0.9993126401293358,,results/source_records/b1/run/datasets/b02/summary.json,/records/153
b1,b02,node32_behavior,953,ring8,general,0,0.028595273922473508,0.03757823820258492,,,,4.62920533655002e-05,0.028506852929572262,0.9969078459209388,,results/source_records/b1/run/datasets/b02/summary.json,/records/154
b1,b02,node32_behavior,953,long8,general,0,0.22986037794693617,0.30206907824154866,,,,0.000441500278384748,0.2306077208680298,1.0032512907521023,,results/source_records/b1/run/datasets/b02/summary.json,/records/155
b1,b02,node32_behavior,953,reset_iso,reset,0,0.05870392493718479,0.20331776099879287,0.9988252147563811,0.07000025876732613,9.356192728112438e-05,0.0003036142030894156,0.05879182353664655,1.0014973206571078,0.004337329724717146,results/source_records/b1/run/datasets/b02/summary.json,/records/156
b1,b02,node32_behavior,953,reset_iso,reset,256,0.06100465642843975,0.21128621585018334,1.0009179549267702,0.07000025876732613,0.00010104226786721077,0.0004059440318944332,0.06102304902158754,1.0003014949058744,0.005799179017948357,results/source_records/b1/run/datasets/b02/summary.json,/records/157
b1,b02,node32_behavior,953,reset_ring4,reset,0,0.05388404676280601,0.18662438249385913,0.9985607719088744,0.0747350712543588,8.671543971392045e-05,0.0003955371435893581,0.05398118488991468,1.0018027251653214,0.005292523803759524,results/source_records/b1/run/datasets/b02/summary.json,/records/158
b1,b02,node32_behavior,953,reset_ring4,reset,256,0.058636159882417736,0.20308306052137262,0.999335052071386,0.0747350712543588,8.78715734360738e-05,0.000446290125823992,0.05870494313521496,1.0011730517983297,0.005971629093723021,results/source_records/b1/run/datasets/b02/summary.json,/records/159
b1,b02,node32_behavior,953,reset_null,reset,0,0.07279580275398369,0.25212419172801404,,0.0,0.0,0.00039475271491975936,0.07279580275398369,1.0,,results/source_records/b1/run/datasets/b02/summary.json,/records/160
b1,b02,node32_behavior,953,reset_null,reset,256,0.07923850532361636,0.2744381317693407,,0.0,0.0,0.00044388354954768883,0.07923850532361636,1.0,,results/source_records/b1/run/datasets/b02/summary.json,/records/161
b1,b03,fixed_behavior,941,ring4,general,0,0.0183708123468801,0.024960636263047682,,,,0.003394337843284391,0.02930683412504972,1.5952933148341082,,results/source_records/b1/run/datasets/b03/summary.json,/records/0
b1,b03,fixed_behavior,941,ring8,general,0,0.01702867943554606,0.02313706467655964,,,,0.0030411666236224767,0.029294681574873582,1.7203143488462873,,results/source_records/b1/run/datasets/b03/summary.json,/records/1
b1,b03,fixed_behavior,941,long8,general,0,0.08375987544614705,0.11380551632516768,,,,0.04359106967335515,0.17719536117671966,2.1155160538729127,,results/source_records/b1/run/datasets/b03/summary.json,/records/2
b1,b03,fixed_behavior,941,reset_iso,reset,0,0.043432869840507184,0.1494065061241094,0.4483791379606288,0.07949845712158876,0.0425803022663915,0.021672913653469333,0.08664952499696382,1.9950218651255485,0.2726205569036609,results/source_records/b1/run/datasets/b03/summary.json,/records/3
b1,b03,fixed_behavior,941,reset_iso,reset,256,0.04174550704837959,0.14360207781298537,0.4401129775013086,0.07949845712158876,0.04205977619115429,0.021121280296064998,0.08503047277875342,2.036877230409733,0.26568163786828086,results/source_records/b1/run/datasets/b03/summary.json,/records/4
b1,b03,fixed_behavior,941,reset_ring4,reset,0,0.03272837999334327,0.11258369349904604,0.39733836989660043,0.08142439505952632,0.05134902568697122,0.022563531992259925,0.08293857213573867,2.5341484104195753,0.2771102195572294,results/source_records/b1/run/datasets/b03/summary.json,/records/5
b1,b03,fixed_behavior,941,reset_ring4,reset,256,0.032417745298662794,0.11151512850245318,0.395587541670845,0.08142439505952632,0.0508758329149569,0.022338534350109036,0.08246262116787924,2.543749431311645,0.2743469488938563,results/source_records/b1/run/datasets/b03/summary.json,/records/6
b1,b03,fixed_behavior,941,reset_null,reset,0,0.041728195239245196,0.1435425262123899,,0.0,0.0,0.04781186492209157,0.041728195239245196,1.0,,results/source_records/b1/run/datasets/b03/summary.json,/records/7
b1,b03,fixed_behavior,941,reset_null,reset,256,0.04035689032515882,0.13882531832820383,,0.0,0.0,0.04673230430469973,0.04035689032515882,1.0,,results/source_records/b1/run/datasets/b03/summary.json,/records/8
b1,b03,fixed_behavior,947,ring4,general,0,0.026440834763415712,0.03592546951975425,,,,0.004975117799262306,0.03376506076220103,1.2770043406087666,,results/source_records/b1/run/datasets/b03/summary.json,/records/9
b1,b03,fixed_behavior,947,ring8,general,0,0.024926447057635942,0.03386785334190354,,,,0.007022523378914379,0.03378797689136236,1.3555071371879206,,results/source_records/b1/run/datasets/b03/summary.json,/records/10
b1,b03,fixed_behavior,947,long8,general,0,0.09799408531004028,0.13314570271408716,,,,0.056993117247146174,0.1760716820773743,1.7967582586265984,,results/source_records/b1/run/datasets/b03/summary.json,/records/11
b1,b03,fixed_behavior,947,reset_iso,reset,0,0.035356324910568844,0.12162366874846188,0.5932541404511611,0.07949845712158876,0.01596745649706741,0.023538726820805406,0.059507887577033285,1.6830903021610417,0.296090360405412,results/source_records/b1/run/datasets/b03/summary.json,/records/12
b1,b03,fixed_behavior,947,reset_iso,reset,256,0.03553531094475651,0.12223937013110571,0.5923563431565002,0.07949845712158876,0.016084638196123047,0.023305448627889514,0.059781151155399816,1.682302745242221,0.2931559865651863,results/source_records/b1/run/datasets/b03/summary.json,/records/13
b1,b03,fixed_behavior,947,reset_ring4,reset,0,0.05633439338703422,0.1937869848685005,0.5514998466539186,0.08142439505952632,0.026745048515248865,0.046845268465161315,0.08796634453675246,1.5615033596332035,0.5753222781810597,results/source_records/b1/run/datasets/b03/summary.json,/records/14
b1,b03,fixed_behavior,947,reset_ring4,reset,256,0.056469137643332314,0.19425049714912382,0.5522210634011108,0.08142439505952632,0.026585827623720984,0.046707877349101555,0.08799211595906072,1.5582337473405798,0.57363493231918,results/source_records/b1/run/datasets/b03/summary.json,/records/15
b1,b03,fixed_behavior,947,reset_null,reset,0,0.04820211581156697,0.16581243048506358,,0.0,0.0,0.03724728462006683,0.04820211581156697,1.0,,results/source_records/b1/run/datasets/b03/summary.json,/records/16
b1,b03,fixed_behavior,947,reset_null,reset,256,0.04854735126624924,0.16700002005175946,,0.0,0.0,0.036941032577420714,0.04854735126624924,1.0,,results/source_records/b1/run/datasets/b03/summary.json,/records/17
b1,b03,fixed_behavior,953,ring4,general,0,0.02375791141098099,0.03228015037668801,,,,0.001000499113203677,0.024436572074865923,1.0285656702790489,,results/source_records/b1/run/datasets/b03/summary.json,/records/18
b1,b03,fixed_behavior,953,ring8,general,0,0.026639737355349774,0.03619572078329658,,,,0.0009533698604840641,0.0267972589891133,1.005913032537158,,results/source_records/b1/run/datasets/b03/summary.json,/records/19
b1,b03,fixed_behavior,953,long8,general,0,0.12053281076443102,0.16376933096073265,,,,0.013886716333984592,0.12636736693404985,1.0484063727761386,,results/source_records/b1/run/datasets/b03/summary.json,/records/20
b1,b03,fixed_behavior,953,reset_iso,reset,0,0.04906256158474432,0.16877231310741309,0.9904538115292989,0.07949845712158876,0.0011918761457348573,0.00827640042178295,0.05003795333169531,1.0198805711615002,0.10410768612936255,results/source_records/b1/run/datasets/b03/summary.json,/records/21
b1,b03,fixed_behavior,953,reset_iso,reset,256,0.048104521341453425,0.16547671127400884,0.989597825840314,0.07949845712158876,0.0011862780736519886,0.008109531931660674,0.0491111388227101,1.0209256313790454,0.10200867067467191,results/source_records/b1/run/datasets/b03/summary.json,/records/22
b1,b03,fixed_behavior,953,reset_ring4,reset,0,0.05531235761990564,0.19027124221411706,0.9638279431649931,0.08142439505952632,0.0017297036534493423,0.009354276159622126,0.05764985337635367,1.0422599190674675,0.11488296784745611,results/source_records/b1/run/datasets/b03/summary.json,/records/23
b1,b03,fixed_behavior,953,reset_ring4,reset,256,0.05509802353277283,0.1895339456177971,0.963111990239647,0.08142439505952632,0.0016924836709214196,0.009294127790321348,0.05744605730667352,1.0426155717274335,0.11414426577596012,results/source_records/b1/run/datasets/b03/summary.json,/records/24
b1,b03,fixed_behavior,953,reset_null,reset,0,0.05913541166936398,0.2034223222682489,,0.0,0.0,0.008802423714824134,0.05913541166936398,1.0,,results/source_records/b1/run/datasets/b03/summary.json,/records/25
b1,b03,fixed_behavior,953,reset_null,reset,256,0.05840767652089054,0.20091895635399099,,0.0,0.0,0.00841124774307491,0.05840767652089054,1.0,,results/source_records/b1/run/datasets/b03/summary.json,/records/26
b1,b03,free_behavior,941,ring4,general,0,0.020864425699144467,0.02834873770849739,,,,0.0020415960828362484,0.022246224997671177,1.0662275261467355,,results/source_records/b1/run/datasets/b03/summary.json,/records/27
b1,b03,free_behavior,941,ring8,general,0,0.02313516046780546,0.03143401143184629,,,,0.00194798413238161,0.024480954233883755,1.0581709285289411,,results/source_records/b1/run/datasets/b03/summary.json,/records/28
b1,b03,free_behavior,941,long8,general,0,0.15852218793584646,0.2153859392810755,,,,0.011934221713565821,0.16255559186313098,1.0254437815917405,,results/source_records/b1/run/datasets/b03/summary.json,/records/29
b1,b03,free_behavior,941,reset_iso,reset,0,0.05631157430721595,0.1937084885821364,0.9566124773668613,0.07949845712158876,0.001244021387143404,0.00987473929626624,0.058658205590361945,1.0416722727434968,0.12421296782104008,results/source_records/b1/run/datasets/b03/summary.json,/records/30
b1,b03,free_behavior,941,reset_iso,reset,256,0.048286085378144376,0.16610128083294884,0.9914204450329729,0.07949845712158876,3.63517397793466e-05,0.00027071327734946323,0.048645291944610036,1.007439132074025,0.003405264544133496,results/source_records/b1/run/datasets/b03/summary.json,/records/31
b1,b03,free_behavior,941,reset_ring4,reset,0,0.07092421186644106,0.24397509843312992,0.9659683766569367,0.08142439505952632,0.0021912677454260544,0.011658063041556118,0.07340534791493797,1.0349829202638048,0.14317653859182305,results/source_records/b1/run/datasets/b03/summary.json,/records/32
b1,b03,free_behavior,941,reset_ring4,reset,256,0.05785681388985601,0.19902402144963324,0.9892842849146386,0.08142439505952632,4.742805655607332e-05,0.00033080776064841325,0.058316788227917186,1.0079502189480543,0.004062759820402375,results/source_records/b1/run/datasets/b03/summary.json,/records/33
b1,b03,free_behavior,941,reset_null,reset,0,0.06835181166372162,0.23512619371988855,,0.0,0.0,0.013204705498754582,0.06835181166372162,1.0,,results/source_records/b1/run/datasets/b03/summary.json,/records/34
b1,b03,free_behavior,941,reset_null,reset,256,0.058227741324496575,0.20029998990943648,,0.0,0.0,0.0002987349506219248,0.058227741324496575,1.0,,results/source_records/b1/run/datasets/b03/summary.json,/records/35
b1,b03,free_behavior,947,ring4,general,0,0.022635936872377194,0.030755710530169945,,,,0.005525365949977785,0.031022273235544923,1.37048770768581,,results/source_records/b1/run/datasets/b03/summary.json,/records/36
b1,b03,free_behavior,947,ring8,general,0,0.02124022478705194,0.028859340297219416,,,,0.005695114359889629,0.026982351596457958,1.2703420922789115,,results/source_records/b1/run/datasets/b03/summary.json,/records/37
b1,b03,free_behavior,947,long8,general,0,0.16641600797786557,0.22611136432349377,,,,0.02984104604485781,0.20293886547205078,1.219467213148407,,results/source_records/b1/run/datasets/b03/summary.json,/records/38
b1,b03,free_behavior,947,reset_iso,reset,0,0.04502829667865698,0.15489468018536579,0.7111527792696847,0.07949845712158876,0.008011373411364736,0.026898474744099097,0.06051543773185952,1.3439424138942238,0.33835216075903557,results/source_records/b1/run/datasets/b03/summary.json,/records/39
b1,b03,free_behavior,947,reset_iso,reset,256,0.042054429689618145,0.1446647534468906,0.7366265666261668,0.07949845712158876,0.0054893976260777045,0.017852212798542363,0.055268019366549605,1.314202089398289,0.22456049393811922,results/source_records/b1/run/datasets/b03/summary.json,/records/40
b1,b03,free_behavior,947,reset_ring4,reset,0,0.05822052167381348,0.20027515473764243,0.6536653637914442,0.08142439505952632,0.01713333753139777,0.023972308364783364,0.08088723459886428,1.389325142980398,0.29441186940668224,results/source_records/b1/run/datasets/b03/summary.json,/records/41
b1,b03,free_behavior,947,reset_ring4,reset,256,0.0553906380209791,0.1905405221687995,0.6733018282240566,0.08142439505952632,0.01225083264134476,0.01645154609656811,0.07481665484635351,1.3507093891573672,0.20204689374162374,results/source_records/b1/run/datasets/b03/summary.json,/records/42
b1,b03,free_behavior,947,reset_null,reset,0,0.081837470457706,0.28151606320329886,,0.0,0.0,0.02479298898332442,0.081837470457706,1.0,,results/source_records/b1/run/datasets/b03/summary.json,/records/43
b1,b03,free_behavior,947,reset_null,reset,256,0.07870935773034798,0.2707555402382463,,0.0,0.0,0.017944845750858526,0.07870935773034798,1.0,,results/source_records/b1/run/datasets/b03/summary.json,/records/44
b1,b03,free_behavior,953,ring4,general,0,0.020191765121938866,0.027434785963790134,,,,3.701291354961166e-05,0.02022645674486807,1.0017181074918264,,results/source_records/b1/run/datasets/b03/summary.json,/records/45
b1,b03,free_behavior,953,ring8,general,0,0.02749496580068968,0.037357729612457945,,,,2.574418916164252e-05,0.02765438716173217,1.005798201830769,,results/source_records/b1/run/datasets/b03/summary.json,/records/46
b1,b03,free_behavior,953,long8,general,0,0.12533339122893636,0.1702919354358886,,,,2.1951538366143638e-05,0.12535344375729282,1.000159993503406,,results/source_records/b1/run/datasets/b03/summary.json,/records/47
b1,b03,free_behavior,953,reset_iso,reset,0,0.050968080273028356,0.17532718481209594,0.9987546928950127,0.07949845712158876,7.251283327927792e-07,5.5794980980111175e-06,0.05101794283376663,1.0009783095708367,7.018372808767301e-05,results/source_records/b1/run/datasets/b03/summary.json,/records/48
b1,b03,free_behavior,953,reset_iso,reset,256,0.04950182091066516,0.17028333923599412,0.9999548767056307,0.07949845712158876,1.8076032855281595e-09,1.7667967091050042e-08,0.049503615430606475,1.0000362515945536,2.2224289289071112e-07,results/source_records/b1/run/datasets/b03/summary.json,/records/49
b1,b03,free_behavior,953,reset_ring4,reset,0,0.0543520783645318,0.18696793831143413,0.999755836635084,0.08142439505952632,1.0053710257569383e-06,6.9969573269718285e-06,0.05436252147714899,1.000192138238894,8.5931953462554e-05,results/source_records/b1/run/datasets/b03/summary.json,/records/50
b1,b03,free_behavior,953,reset_ring4,reset,256,0.05415508074897016,0.18629027815303503,1.0000022890783105,0.08142439505952632,3.5331775184005777e-09,2.6534281689989973e-08,0.05415498932215055,0.999998311759149,3.2587631348801244e-07,results/source_records/b1/run/datasets/b03/summary.json,/records/51
b1,b03,free_behavior,953,reset_null,reset,0,0.06655440943448016,0.22894323624650975,,0.0,0.0,1.0200958731027012e-05,0.06655440943448016,1.0,,results/source_records/b1/run/datasets/b03/summary.json,/records/52
b1,b03,free_behavior,953,reset_null,reset,256,0.06503379471645784,0.22371241145839674,,0.0,0.0,2.7589798900245717e-08,0.06503379471645784,1.0,,results/source_records/b1/run/datasets/b03/summary.json,/records/53
b1,b03,gru4_behavior,941,ring4,general,0,0.17921926544037303,0.2435072990524266,,,,0.000408520589323543,0.1783378094298973,0.9950816894137477,,results/source_records/b1/run/datasets/b03/summary.json,/records/54
b1,b03,gru4_behavior,941,ring8,general,0,0.14116639273177214,0.19180441860768957,,,,0.0006125676670724608,0.13962217962387188,0.9890610429435964,,results/source_records/b1/run/datasets/b03/summary.json,/records/55
b1,b03,gru4_behavior,941,long8,general,0,0.9192818413825071,1.2490389228688807,,,,0.0006595682016617104,0.9187107263767226,0.9993787378581027,,results/source_records/b1/run/datasets/b03/summary.json,/records/56
b1,b03,gru4_behavior,941,reset_iso,reset,0,0.3906329620712672,1.3437543099108795,1.0026116019944078,0.07949845712158876,3.682497130420916e-05,0.00028465425128615255,0.39054756539212593,0.9997813889573259,0.0035806261101493913,results/source_records/b1/run/datasets/b03/summary.json,/records/57
b1,b03,gru4_behavior,941,reset_iso,reset,256,0.3919730636735925,1.3483641802461805,1.0024347538191976,0.07949845712158876,3.577697740124548e-05,0.0002891989610745018,0.3918941725760409,0.9997987333700632,0.0036377933804701014,results/source_records/b1/run/datasets/b03/summary.json,/records/58
b1,b03,gru4_behavior,941,reset_ring4,reset,0,0.38590762654478716,1.327499434884936,0.9992821252085512,0.08142439505952632,5.523532911001162e-05,0.00027709964532353376,0.38596447047018434,1.0001472993055518,0.003403152643884632,results/source_records/b1/run/datasets/b03/summary.json,/records/59
b1,b03,gru4_behavior,941,reset_ring4,reset,256,0.3876376808762479,1.3334507195690386,0.9991848815930857,0.08142439505952632,5.544936598279996e-05,0.000275193656335937,0.38769859082136787,1.0001571311255972,0.0033797445610096732,results/source_records/b1/run/datasets/b03/summary.json,/records/60
b1,b03,gru4_behavior,941,reset_null,reset,0,0.3519503414473884,1.210688380434858,,0.0,0.0,0.0003048602826085408,0.3519503414473884,1.0,,results/source_records/b1/run/datasets/b03/summary.json,/records/61
b1,b03,gru4_behavior,941,reset_null,reset,256,0.35267145739445144,1.213168976687344,,0.0,0.0,0.0003096890755811111,0.35267145739445144,1.0,,results/source_records/b1/run/datasets/b03/summary.json,/records/62
b1,b03,gru4_behavior,947,ring4,general,0,0.04059745332022563,0.05516023169788155,,,,0.006767826420999302,0.038143644345258514,0.93955756397792,,results/source_records/b1/run/datasets/b03/summary.json,/records/63
b1,b03,gru4_behavior,947,ring8,general,0,0.04974041765407581,0.0675828836086453,,,,0.00626011361348824,0.04967494896285122,0.9986837928929367,,results/source_records/b1/run/datasets/b03/summary.json,/records/64
b1,b03,gru4_behavior,947,long8,general,0,0.4342324401209885,0.5899966635561632,,,,0.02352806551509638,0.436969679654923,1.0063036274608406,,results/source_records/b1/run/datasets/b03/summary.json,/records/65
b1,b03,gru4_behavior,947,reset_iso,reset,0,0.19663639455117213,0.6764175794649591,1.015337345781048,0.07949845712158876,0.0008057461400451642,0.01268462327194396,0.1964296199702463,0.998948441963667,0.15955810629813214,results/source_records/b1/run/datasets/b03/summary.json,/records/66
b1,b03,gru4_behavior,947,reset_iso,reset,256,0.19598800899037813,0.6741871714441379,1.0249348062291261,0.07949845712158876,0.0010624054092709051,0.012585957263061926,0.19552807239479622,0.9976532411449494,0.15831700033891674,results/source_records/b1/run/datasets/b03/summary.json,/records/67
b1,b03,gru4_behavior,947,reset_ring4,reset,0,0.19930280170741801,0.6855898625441554,1.015870629641691,0.08142439505952632,0.0019895857506701258,0.013134103412389445,0.1996514663753749,1.0017494218092766,0.16130427991252,results/source_records/b1/run/datasets/b03/summary.json,/records/68
b1,b03,gru4_behavior,947,reset_ring4,reset,256,0.20122093133890595,0.6921881151483723,1.0546599596937443,0.08142439505952632,0.005534121738866176,0.01538494402754773,0.2017626651321303,1.0026922338030129,0.1889475999950675,results/source_records/b1/run/datasets/b03/summary.json,/records/69
b1,b03,gru4_behavior,947,reset_null,reset,0,0.17256451027496533,0.593611719784517,,0.0,0.0,0.01486511810919996,0.17256451027496533,1.0,,results/source_records/b1/run/datasets/b03/summary.json,/records/70
b1,b03,gru4_behavior,947,reset_null,reset,256,0.17147381616147947,0.5898597964751787,,0.0,0.0,0.0147586918148291,0.17147381616147947,1.0,,results/source_records/b1/run/datasets/b03/summary.json,/records/71
b1,b03,gru4_behavior,953,ring4,general,0,0.10002606416730846,0.13590657600552264,,,,0.0016639683605487662,0.09478828499255822,0.9476358565304611,,results/source_records/b1/run/datasets/b03/summary.json,/records/72
b1,b03,gru4_behavior,953,ring8,general,0,0.11638542799164094,0.15813423378154753,,,,0.0017896303760385746,0.11449415442563131,0.983749910975578,,results/source_records/b1/run/datasets/b03/summary.json,/records/73
b1,b03,gru4_behavior,953,long8,general,0,0.6114816719947654,0.830827255103592,,,,0.002149107900024773,0.6119777703450876,1.000811305347393,,results/source_records/b1/run/datasets/b03/summary.json,/records/74
b1,b03,gru4_behavior,953,reset_iso,reset,0,0.25618130722812604,0.8812485610049298,0.9989001176449469,0.07949845712158876,0.00017930875345187444,0.0016437571272533938,0.25631468108570243,1.0005206229096866,0.020676591556227975,results/source_records/b1/run/datasets/b03/summary.json,/records/75
b1,b03,gru4_behavior,953,reset_iso,reset,256,0.25618153307501595,0.8812493379048875,0.9996033863909899,0.07949845712158876,0.00014933483279866712,0.0013933179040466713,0.25627196558205584,1.000353001662354,0.017526351510390496,results/source_records/b1/run/datasets/b03/summary.json,/records/76
b1,b03,gru4_behavior,953,reset_ring4,reset,0,0.2524256870991917,0.8683294496532287,1.0039958795046398,0.08142439505952632,0.00019416012180078452,0.0015526284525624002,0.25236008612397864,0.9997401176719891,0.01906834495272985,results/source_records/b1/run/datasets/b03/summary.json,/records/77
b1,b03,gru4_behavior,953,reset_ring4,reset,256,0.25286060929115284,0.8698255562972373,1.0037752000773283,0.08142439505952632,0.00016651353150700626,0.0013205862051850327,0.2527901693652681,0.9997214278408875,0.016218557156238024,results/source_records/b1/run/datasets/b03/summary.json,/records/78
b1,b03,gru4_behavior,953,reset_null,reset,0,0.21557474058156031,0.7415643708826145,,0.0,0.0,0.0015393508989057262,0.21557474058156031,1.0,,results/source_records/b1/run/datasets/b03/summary.json,/records/79
b1,b03,gru4_behavior,953,reset_null,reset,256,0.21595501158765537,0.7428724806761786,,0.0,0.0,0.0012726248698432603,0.21595501158765537,1.0,,results/source_records/b1/run/datasets/b03/summary.json,/records/80
b1,b03,gru32_behavior,941,ring4,general,0,0.01674526407316435,0.022751984929502558,,,,0.007830743354876131,0.024140131477924667,1.4416094826841934,,results/source_records/b1/run/datasets/b03/summary.json,/records/81
b1,b03,gru32_behavior,941,ring8,general,0,0.019726434454604713,0.02680253577745901,,,,0.007782182582497604,0.028790314883158932,1.4594789012384572,,results/source_records/b1/run/datasets/b03/summary.json,/records/82
b1,b03,gru32_behavior,941,long8,general,0,0.1757171563616522,0.23874894274150857,,,,0.072802456318341,0.21365187431653987,1.215885111848796,,results/source_records/b1/run/datasets/b03/summary.json,/records/83
b1,b03,gru32_behavior,941,reset_iso,reset,0,0.06374586926209133,0.21928202398937105,0.6617894274272542,0.07949845712158876,0.018503186355882124,0.03878668717551353,0.08644107197995919,1.3560262489253456,0.48789232621447365,results/source_records/b1/run/datasets/b03/summary.json,/records/84
b1,b03,gru32_behavior,941,reset_iso,reset,256,0.06507595971252066,0.22385745655363487,0.6661434196220384,0.07949845712158876,0.01850561906881275,0.038177264532189135,0.08759931099405067,1.3461086302995622,0.48022648381463545,results/source_records/b1/run/datasets/b03/summary.json,/records/85
b1,b03,gru32_behavior,941,reset_ring4,reset,0,0.07169191839719663,0.24661596354082485,0.6345319991461722,0.08142439505952632,0.0224271644019185,0.05081513281591171,0.09778450603257816,1.3639543789415716,0.6240774988719618,results/source_records/b1/run/datasets/b03/summary.json,/records/86
b1,b03,gru32_behavior,941,reset_ring4,reset,256,0.07240782536276107,0.2490786412047157,0.6396672441673011,0.08142439505952632,0.023102714324295115,0.05091257003405771,0.09862912089148379,1.3621334489380783,0.6252741576629146,results/source_records/b1/run/datasets/b03/summary.json,/records/87
b1,b03,gru32_behavior,941,reset_null,reset,0,0.07819897087041373,0.26899983959505935,,0.0,0.0,0.0411436706788481,0.07819897087041373,1.0,,results/source_records/b1/run/datasets/b03/summary.json,/records/88
b1,b03,gru32_behavior,941,reset_null,reset,256,0.07663945448994047,0.26363519538652674,,0.0,0.0,0.03956183974674268,0.07663945448994047,1.0,,results/source_records/b1/run/datasets/b03/summary.json,/records/89
b1,b03,gru32_behavior,947,ring4,general,0,0.019602021623814445,0.026633494618190985,,,,0.004294812839860761,0.020287140823395094,1.034951456167577,,results/source_records/b1/run/datasets/b03/summary.json,/records/90
b1,b03,gru32_behavior,947,ring8,general,0,0.025101936343799477,0.03410629267475828,,,,0.004368064380249892,0.02986352377589035,1.1896900448983512,,results/source_records/b1/run/datasets/b03/summary.json,/records/91
b1,b03,gru32_behavior,947,long8,general,0,0.17925381670162643,0.24355424425268726,,,,0.03982335568075457,0.19582160807575386,1.0924264357601101,,results/source_records/b1/run/datasets/b03/summary.json,/records/92
b1,b03,gru32_behavior,947,reset_iso,reset,0,0.06480787135265975,0.2229352484350729,0.8615235106969426,0.07949845712158876,0.005777777308583432,0.030398145420712407,0.07320109377872419,1.1295093057507122,0.38237402990375047,results/source_records/b1/run/datasets/b03/summary.json,/records/93
b1,b03,gru32_behavior,947,reset_iso,reset,256,0.06424033443727116,0.2209829549776974,0.8667214487826234,0.07949845712158876,0.006434252573887321,0.03214277237291289,0.07275518044071383,1.1325467259476547,0.4043194489139857,results/source_records/b1/run/datasets/b03/summary.json,/records/94
b1,b03,gru32_behavior,947,reset_ring4,reset,0,0.0786485907320244,0.27054650535428587,0.8483428558921263,0.08142439505952632,0.006355429107886467,0.0266797135452904,0.08800060089019836,1.1189088077882872,0.3276624103352056,results/source_records/b1/run/datasets/b03/summary.json,/records/95
b1,b03,gru32_behavior,947,reset_ring4,reset,256,0.08541093778354726,0.29380857967442264,0.8544888168715948,0.08142439505952632,0.006753778433426769,0.02980691554875504,0.0947119070276331,1.108896699713763,0.3660686152714346,results/source_records/b1/run/datasets/b03/summary.json,/records/96
b1,b03,gru32_behavior,947,reset_null,reset,0,0.07948004483635675,0.27340665834871203,,0.0,0.0,0.03513338679301927,0.07948004483635675,1.0,,results/source_records/b1/run/datasets/b03/summary.json,/records/97
b1,b03,gru32_behavior,947,reset_null,reset,256,0.07940671034753635,0.2731543920399627,,0.0,0.0,0.03563982464906237,0.07940671034753635,1.0,,results/source_records/b1/run/datasets/b03/summary.json,/records/98
b1,b03,gru32_behavior,953,ring4,general,0,0.02436661493264855,0.03310720292665108,,,,0.005357952999334152,0.02621526909885541,1.0758683211154565,,results/source_records/b1/run/datasets/b03/summary.json,/records/99
b1,b03,gru32_behavior,953,ring8,general,0,0.025764747609565344,0.03500686204553201,,,,0.004848618527779112,0.02825516119689923,1.0966597315476634,,results/source_records/b1/run/datasets/b03/summary.json,/records/100
b1,b03,gru32_behavior,953,long8,general,0,0.18207331761914206,0.24738513292089517,,,,0.04087671780258482,0.20280580730200348,1.1138689070642922,,results/source_records/b1/run/datasets/b03/summary.json,/records/101
b1,b03,gru32_behavior,953,reset_iso,reset,0,0.05419225808144517,0.18641816598021532,0.8190212097446731,0.07949845712158876,0.0043342001157111966,0.026439130077549503,0.06355312550199488,1.1727344043586692,0.3325741282892098,results/source_records/b1/run/datasets/b03/summary.json,/records/102
b1,b03,gru32_behavior,953,reset_iso,reset,256,0.05497815071456133,0.1891215902055483,0.814333204707156,0.07949845712158876,0.004581619400528366,0.026867173222085903,0.06464907238131566,1.1759048192974764,0.3379584232810199,results/source_records/b1/run/datasets/b03/summary.json,/records/103
b1,b03,gru32_behavior,953,reset_ring4,reset,0,0.07416065782729024,0.25510828132078217,0.8131937097876362,0.08142439505952632,0.006701068677309165,0.025703046905087176,0.08511648676730811,1.147731010767629,0.31566764341689785,results/source_records/b1/run/datasets/b03/summary.json,/records/104
b1,b03,gru32_behavior,953,reset_ring4,reset,256,0.07508049898190385,0.25827248054603835,0.8140441594592073,0.08142439505952632,0.006782694103667945,0.026943347718810944,0.08604251694259742,1.146003531001248,0.3309001890540749,results/source_records/b1/run/datasets/b03/summary.json,/records/105
b1,b03,gru32_behavior,953,reset_null,reset,0,0.07270060940422414,0.2500858010089038,,0.0,0.0,0.04246482612508956,0.07270060940422414,1.0,,results/source_records/b1/run/datasets/b03/summary.json,/records/106
b1,b03,gru32_behavior,953,reset_null,reset,256,0.07437944650285089,0.2558609014381052,,0.0,0.0,0.04282463411118701,0.07437944650285089,1.0,,results/source_records/b1/run/datasets/b03/summary.json,/records/107
b1,b03,graph32_behavior,941,ring4,general,0,0.022975011923254685,0.031216415742929073,,,,0.002660311288773296,0.02456994765443535,1.069420452816667,,results/source_records/b1/run/datasets/b03/summary.json,/records/108
b1,b03,graph32_behavior,941,ring8,general,0,0.026744887618516514,0.03633858966804215,,,,0.003078315715316524,0.028179570821383948,1.0536432690737556,,results/source_records/b1/run/datasets/b03/summary.json,/records/109
b1,b03,graph32_behavior,941,long8,general,0,0.2690729723590739,0.36559257502908077,,,,0.022607310977055775,0.2758703356918104,1.0252621557384274,,results/source_records/b1/run/datasets/b03/summary.json,/records/110
b1,b03,graph32_behavior,941,reset_iso,reset,0,0.07174389527731904,0.24679476093751632,0.9224193328589099,0.07949845712158876,0.006205488620957205,0.04287337573412354,0.07793041132375371,1.0862305569347928,0.539298211392341,results/source_records/b1/run/datasets/b03/summary.json,/records/111
b1,b03,graph32_behavior,941,reset_iso,reset,256,0.07212795864800299,0.24811591624120338,0.930598263428433,0.07949845712158876,0.006546608714630933,0.045147250657913134,0.07815992858211163,1.0836287349201952,0.5679009667931386,results/source_records/b1/run/datasets/b03/summary.json,/records/112
b1,b03,graph32_behavior,941,reset_ring4,reset,0,0.12372596079243482,0.4256099950735001,0.9203701902215562,0.08142439505952632,0.0032465578890352696,0.014488637398949128,0.1285911442981147,1.039322252779607,0.17793976103054898,results/source_records/b1/run/datasets/b03/summary.json,/records/113
b1,b03,graph32_behavior,941,reset_ring4,reset,256,0.13364430367364724,0.4597285085833036,0.9216120853745338,0.08142439505952632,0.0032827106362710774,0.014344394924930837,0.13847700325040815,1.036160909548095,0.17616827136933824,results/source_records/b1/run/datasets/b03/summary.json,/records/114
b1,b03,graph32_behavior,941,reset_null,reset,0,0.1017954016847451,0.35017016745768065,,0.0,0.0,0.06460111004590112,0.1017954016847451,1.0,,results/source_records/b1/run/datasets/b03/summary.json,/records/115
b1,b03,graph32_behavior,941,reset_null,reset,256,0.10276795075720141,0.35351567880619444,,0.0,0.0,0.06539569513234807,0.10276795075720141,1.0,,results/source_records/b1/run/datasets/b03/summary.json,/records/116
b1,b03,graph32_behavior,947,ring4,general,0,0.020870342965793053,0.02835677756747031,,,,0.0031842536216490913,0.02693282473661926,1.2904830927197866,,results/source_records/b1/run/datasets/b03/summary.json,/records/117
b1,b03,graph32_behavior,947,ring8,general,0,0.029361868939848327,0.039894312606992464,,,,0.00283292710913668,0.032057006416143764,1.0917903925603913,,results/source_records/b1/run/datasets/b03/summary.json,/records/118
b1,b03,graph32_behavior,947,long8,general,0,0.21549652490892576,0.29279763314962987,,,,0.014284743694323877,0.23507589456731312,1.0908570087924252,,results/source_records/b1/run/datasets/b03/summary.json,/records/119
b1,b03,graph32_behavior,947,reset_iso,reset,0,0.063999133761989,0.2201532389054918,0.6228002242261345,0.07949845712158876,0.009384535586657671,0.024078075610847852,0.08368480180070748,1.307592726362968,0.3028747535819681,results/source_records/b1/run/datasets/b03/summary.json,/records/120
b1,b03,graph32_behavior,947,reset_iso,reset,256,0.06379448495792338,0.21944925911069119,0.6148672284962534,0.07949845712158876,0.009895847273120992,0.025182434583352665,0.08405113927298985,1.3175298668596047,0.31676633100988916,results/source_records/b1/run/datasets/b03/summary.json,/records/121
b1,b03,graph32_behavior,947,reset_ring4,reset,0,0.08964239570832792,0.3083645449300971,0.742120026255876,0.08142439505952632,0.004923395590148919,0.009504932615534208,0.1026029539274156,1.1445806765501652,0.11673322974749162,results/source_records/b1/run/datasets/b03/summary.json,/records/122
b1,b03,graph32_behavior,947,reset_ring4,reset,256,0.08913167397743522,0.30660769235059815,0.725268016421689,0.08142439505952632,0.005940862136449132,0.01126685322271657,0.1032870478405456,1.1588141816644661,0.13837196106252672,results/source_records/b1/run/datasets/b03/summary.json,/records/123
b1,b03,graph32_behavior,947,reset_null,reset,0,0.0767772579956653,0.2641092313044296,,0.0,0.0,0.03997691155074048,0.0767772579956653,1.0,,results/source_records/b1/run/datasets/b03/summary.json,/records/124
b1,b03,graph32_behavior,947,reset_null,reset,256,0.0780488626138202,0.2684834760611649,,0.0,0.0,0.04234390128713634,0.0780488626138202,1.0,,results/source_records/b1/run/datasets/b03/summary.json,/records/125
b1,b03,graph32_behavior,953,ring4,general,0,0.02394958681964184,0.032540581982314146,,,,0.005344009439791992,0.024337383797880936,1.0161922199810585,,results/source_records/b1/run/datasets/b03/summary.json,/records/126
b1,b03,graph32_behavior,953,ring8,general,0,0.027666947996929554,0.03759140382146986,,,,0.004188699919720197,0.030218812434371203,1.0922351261051582,,results/source_records/b1/run/datasets/b03/summary.json,/records/127
b1,b03,graph32_behavior,953,long8,general,0,0.3762727645440951,0.5112461786738342,,,,0.02848756247146908,0.37890081494560707,1.006984428981184,,results/source_records/b1/run/datasets/b03/summary.json,/records/128
b1,b03,graph32_behavior,953,reset_iso,reset,0,0.0862651308287037,0.29674695328180767,0.9704023683135844,0.07949845712158876,0.005006052131377725,0.05310292141016354,0.0899446399569031,1.042653492701539,0.6679742391597032,results/source_records/b1/run/datasets/b03/summary.json,/records/129
b1,b03,graph32_behavior,953,reset_iso,reset,256,0.08595016769557828,0.29566349871269965,0.9769873445196384,0.07949845712158876,0.00499320226022778,0.05342187040196995,0.08936150415813647,1.0396897010677233,0.6719862540258357,results/source_records/b1/run/datasets/b03/summary.json,/records/130
b1,b03,graph32_behavior,953,reset_ring4,reset,0,0.15646144310053117,0.5382181201156735,0.9414814453498868,0.08142439505952632,0.00439929538671972,0.019740758293552884,0.16104350976513318,1.0292855963347973,0.24244279959490217,results/source_records/b1/run/datasets/b03/summary.json,/records/131
b1,b03,graph32_behavior,953,reset_ring4,reset,256,0.155850347654025,0.5361159878848052,0.9432387669881931,0.08142439505952632,0.004087862128480838,0.019461426528153487,0.16020515325403337,1.0279422257669626,0.2390122335440867,results/source_records/b1/run/datasets/b03/summary.json,/records/132
b1,b03,graph32_behavior,953,reset_null,reset,0,0.11263254255588735,0.38744929176786097,,0.0,0.0,0.09373184570397199,0.11263254255588735,1.0,,results/source_records/b1/run/datasets/b03/summary.json,/records/133
b1,b03,graph32_behavior,953,reset_null,reset,256,0.11099216639661924,0.38180649469768074,,0.0,0.0,0.09115761151898456,0.11099216639661924,1.0,,results/source_records/b1/run/datasets/b03/summary.json,/records/134
b1,b03,node32_behavior,941,ring4,general,0,0.02449916537690198,0.03328730075591648,,,,0.0002209076618546117,0.0247562756198275,1.010494653143079,,results/source_records/b1/run/datasets/b03/summary.json,/records/135
b1,b03,node32_behavior,941,ring8,general,0,0.029190147219862933,0.03966099231009507,,,,0.00022091726859774759,0.029065258386262376,0.9957215414961809,,results/source_records/b1/run/datasets/b03/summary.json,/records/136
b1,b03,node32_behavior,941,long8,general,0,0.2625294940646367,0.35670187501437334,,,,0.0006077709162729332,0.26163015630655434,0.9965743362996733,,results/source_records/b1/run/datasets/b03/summary.json,/records/137
b1,b03,node32_behavior,941,reset_iso,reset,0,0.08810548154793374,0.30307765102323836,1.001226498371803,0.07949845712158876,5.966903240386419e-05,0.00046774282490109567,0.08808656370048966,0.9997852818336418,0.00588367173196465,results/source_records/b1/run/datasets/b03/summary.json,/records/138
b1,b03,node32_behavior,941,reset_iso,reset,256,0.09082802677411354,0.3124430457462238,1.0071906875478747,0.07949845712158876,0.00039320796552060923,0.0031403888724943975,0.09073880647417848,0.9990177007791113,0.039502513459995024,results/source_records/b1/run/datasets/b03/summary.json,/records/139
b1,b03,node32_behavior,941,reset_ring4,reset,0,0.09727417230083714,0.33461740550306185,1.001795515431376,0.08142439505952632,6.097313607109445e-05,0.0005435008101343082,0.09723155949022227,0.9995619308845612,0.006674913700457647,results/source_records/b1/run/datasets/b03/summary.json,/records/140
b1,b03,node32_behavior,941,reset_ring4,reset,256,0.10194429107009495,0.3506823381465109,1.0080006395500698,0.08142439505952632,0.0003606033013731677,0.0032105965561474367,0.10179886910298347,0.9985735153426935,0.039430401095400094,results/source_records/b1/run/datasets/b03/summary.json,/records/141
b1,b03,node32_behavior,941,reset_null,reset,0,0.1078118634909001,0.3708664406025977,,0.0,0.0,0.0007811065158158589,0.1078118634909001,1.0,,results/source_records/b1/run/datasets/b03/summary.json,/records/142
b1,b03,node32_behavior,941,reset_null,reset,256,0.10915844403708179,0.3754985981219718,,0.0,0.0,0.004323170457157674,0.10915844403708179,1.0,,results/source_records/b1/run/datasets/b03/summary.json,/records/143
b1,b03,node32_behavior,947,ring4,general,0,0.021924721348532822,0.029789373731333328,,,,7.607989849330187e-05,0.022078139282386833,1.0069974861443007,,results/source_records/b1/run/datasets/b03/summary.json,/records/144
b1,b03,node32_behavior,947,ring8,general,0,0.024376930951670133,0.03312121942160069,,,,9.791054830409573e-05,0.024230719902403747,0.9940020731257653,,results/source_records/b1/run/datasets/b03/summary.json,/records/145
b1,b03,node32_behavior,947,long8,general,0,0.2553207798362393,0.3469073112040342,,,,0.00030764916299566065,0.25533663546781454,1.0000621008269888,,results/source_records/b1/run/datasets/b03/summary.json,/records/146
b1,b03,node32_behavior,947,reset_iso,reset,0,0.0828386092770758,0.2849599215920383,1.0059895466504647,0.07949845712158876,3.569494214029012e-05,0.00022645304914588088,0.08261837689013536,0.9973414282438783,0.0028485213090303466,results/source_records/b1/run/datasets/b03/summary.json,/records/147
b1,b03,node32_behavior,947,reset_iso,reset,256,0.09764156999550903,0.3358812318659191,0.996731875293964,0.07949845712158876,7.524064230391229e-05,0.0007257467997745632,0.09780909575486764,1.0017157216886856,0.009129067733535648,results/source_records/b1/run/datasets/b03/summary.json,/records/148
b1,b03,node32_behavior,947,reset_ring4,reset,0,0.09157429118179372,0.3150101512173959,1.0035535821478396,0.08142439505952632,4.252891027415476e-05,0.0002291329103793891,0.0914508814995391,0.9986523544909605,0.002814057263942564,results/source_records/b1/run/datasets/b03/summary.json,/records/149
b1,b03,node32_behavior,947,reset_ring4,reset,256,0.10307586169483894,0.35457487423948625,1.0019299141810765,0.08142439505952632,8.778103900446365e-05,0.0006152272333219341,0.10304118116765461,0.9996635436598434,0.0075558096915815534,results/source_records/b1/run/datasets/b03/summary.json,/records/150
b1,b03,node32_behavior,947,reset_null,reset,0,0.10391395598704234,0.35745786908786914,,0.0,0.0,0.00027196392185349356,0.10391395598704234,1.0,,results/source_records/b1/run/datasets/b03/summary.json,/records/151
b1,b03,node32_behavior,947,reset_null,reset,256,0.11778910387930137,0.4051875580573125,,0.0,0.0,0.0006937627335813944,0.11778910387930137,1.0,,results/source_records/b1/run/datasets/b03/summary.json,/records/152
b1,b03,node32_behavior,953,ring4,general,0,0.026901334353941767,0.03655115566587371,,,,7.653644198910962e-05,0.026933417456475997,1.0011926212325424,,results/source_records/b1/run/datasets/b03/summary.json,/records/153
b1,b03,node32_behavior,953,ring8,general,0,0.03059107742842246,0.04156445246773521,,,,7.330913861969332e-05,0.030824582632089825,1.0076331147281008,,results/source_records/b1/run/datasets/b03/summary.json,/records/154
b1,b03,node32_behavior,953,long8,general,0,0.29133385759875174,0.3958386985466078,,,,0.000158476901404995,0.2911013909962005,0.9992020611525647,,results/source_records/b1/run/datasets/b03/summary.json,/records/155
b1,b03,node32_behavior,953,reset_iso,reset,0,0.08449906024788452,0.290671774827846,1.0015458613263213,0.07949845712158876,1.5687818892885038e-05,0.00012990167947085702,0.08444545736194804,0.9993656392653454,0.0016340151013519565,results/source_records/b1/run/datasets/b03/summary.json,/records/156
b1,b03,node32_behavior,953,reset_iso,reset,256,0.08792511982828217,0.3024572173638778,1.0014581873748174,0.07949845712158876,1.766888219803486e-05,0.0001595513389866712,0.08787599244564148,0.9994412588491589,0.002006974031491526,results/source_records/b1/run/datasets/b03/summary.json,/records/157
b1,b03,node32_behavior,953,reset_ring4,reset,0,0.10231411214457792,0.3519545007927386,0.9998823379953138,0.08142439505952632,1.1784837530574098e-05,0.0001542298808955704,0.1023247948418538,1.0001044107899875,0.0018941483173785783,results/source_records/b1/run/datasets/b03/summary.json,/records/158
b1,b03,node32_behavior,953,reset_ring4,reset,256,0.10693723158521264,0.3678577585225671,1.000650293344752,0.08142439505952632,1.1779589557038316e-05,0.0001650195388438119,0.10691664650889221,0.9998075031865397,0.002026659685014206,results/source_records/b1/run/datasets/b03/summary.json,/records/159
b1,b03,node32_behavior,953,reset_null,reset,0,0.10648810214334774,0.36631277977829074,,0.0,0.0,0.00018443467919011507,0.10648810214334774,1.0,,results/source_records/b1/run/datasets/b03/summary.json,/records/160
b1,b03,node32_behavior,953,reset_null,reset,256,0.10962250779423217,0.37709495002847193,,0.0,0.0,0.00019587676748956346,0.10962250779423217,1.0,,results/source_records/b1/run/datasets/b03/summary.json,/records/161
t1,t01,fixed_behavior,971,ring4,general,0,0.016814190857543345,0.021952752001776005,,,,0.0047728210104704205,0.027516362220100492,1.6364963650781825,,results/source_records/t1/run/datasets/t01/summary.json,/records/0
t1,t01,fixed_behavior,971,ring8,general,0,0.013983056219272866,0.01825639830125245,,,,0.005243736919362473,0.02828507186640558,2.02281042304759,,results/source_records/t1/run/datasets/t01/summary.json,/records/1
t1,t01,fixed_behavior,971,long8,general,0,0.0732748884799994,0.09566832376222023,,,,0.04317197089747463,0.18929068907344893,2.583295491812538,,results/source_records/t1/run/datasets/t01/summary.json,/records/2
t1,t01,fixed_behavior,971,reset_iso,reset,0,0.0329226141547606,0.12023882546935935,0.33551834398044317,0.09484379274217003,0.07465559942508426,0.029458852123513943,0.10176139422113606,3.0909269155475427,0.31060390218258077,results/source_records/t1/run/datasets/t01/summary.json,/records/3
t1,t01,fixed_behavior,971,reset_iso,reset,256,0.03303142344056619,0.12063621495562321,0.3372166481050113,0.09484379274217003,0.0747450447364408,0.02948640083087641,0.1018343893458508,3.082954918036837,0.3108943661820262,results/source_records/t1/run/datasets/t01/summary.json,/records/4
t1,t01,fixed_behavior,971,reset_ring4,reset,0,0.03004812285569818,0.10974070840014777,0.32398077072583004,0.09549758686997867,0.06883656481275642,0.022624868648735696,0.0967455078065509,3.2196855780694653,0.23691560583137855,results/source_records/t1/run/datasets/t01/summary.json,/records/5
t1,t01,fixed_behavior,971,reset_ring4,reset,256,0.030118379920167037,0.1099972988055436,0.3232536365675853,0.09549758686997867,0.06883841153338989,0.022600726436925307,0.09685140791470603,3.2156911550828493,0.23666280141399298,results/source_records/t1/run/datasets/t01/summary.json,/records/6
t1,t01,fixed_behavior,971,reset_null,reset,0,0.044942033085029864,0.16413572892320563,,0.0,0.0,0.05110428753610128,0.044942033085029864,1.0,,results/source_records/t1/run/datasets/t01/summary.json,/records/7
t1,t01,fixed_behavior,971,reset_null,reset,256,0.04469749029150666,0.16324261824456973,,0.0,0.0,0.05103699066625896,0.04469749029150666,1.0,,results/source_records/t1/run/datasets/t01/summary.json,/records/8
t1,t01,fixed_behavior,977,ring4,general,0,0.019946874238892617,0.02604281033128479,,,,0.005252834514233575,0.034745980169891784,1.741926065896767,,results/source_records/t1/run/datasets/t01/summary.json,/records/9
t1,t01,fixed_behavior,977,ring8,general,0,0.015695174043032046,0.020491754037442612,,,,0.004491778351473443,0.030009046919277416,1.9119919815479898,,results/source_records/t1/run/datasets/t01/summary.json,/records/10
t1,t01,fixed_behavior,977,long8,general,0,0.07746814887015432,0.10114308054378987,,,,0.05256059067470631,0.18598490156230438,2.400791864460797,,results/source_records/t1/run/datasets/t01/summary.json,/records/11
t1,t01,fixed_behavior,977,reset_iso,reset,0,0.029633450458314153,0.10822625630404017,0.3138283276457304,0.09484379274217003,0.08089540814603148,0.0222843340419429,0.10262071645596112,3.463002615922817,0.2349582761048178,results/source_records/t1/run/datasets/t01/summary.json,/records/12
t1,t01,fixed_behavior,977,reset_iso,reset,256,0.02957702130517415,0.1080201677150876,0.31221510258938856,0.09484379274217003,0.08067521957118205,0.022120700072285695,0.10253069529147762,3.466565961243065,0.2332329763785401,results/source_records/t1/run/datasets/t01/summary.json,/records/13
t1,t01,fixed_behavior,977,reset_ring4,reset,0,0.02379107561239875,0.08688893824896651,0.2946848789019726,0.09549758686997867,0.07253520855019409,0.025669049495689877,0.09373662594727405,3.939991090542501,0.26879265054769036,results/source_records/t1/run/datasets/t01/summary.json,/records/14
t1,t01,fixed_behavior,977,reset_ring4,reset,256,0.023814622765642824,0.08697493634243215,0.2951800589916077,0.09549758686997867,0.07246393834981986,0.02568111915575519,0.093700893771875,3.9345949206911888,0.2689190376163159,results/source_records/t1/run/datasets/t01/summary.json,/records/15
t1,t01,fixed_behavior,977,reset_null,reset,0,0.027250339915583344,0.09952274292947523,,0.0,0.0,0.023940073023839357,0.027250339915583344,1.0,,results/source_records/t1/run/datasets/t01/summary.json,/records/16
t1,t01,fixed_behavior,977,reset_null,reset,256,0.0273119326956802,0.09974768993706783,,0.0,0.0,0.023969691246915184,0.0273119326956802,1.0,,results/source_records/t1/run/datasets/t01/summary.json,/records/17
t1,t01,fixed_behavior,983,ring4,general,0,0.01742192197713256,0.02274621097135338,,,,0.005086686661557065,0.02459827301282187,1.4119150025530336,,results/source_records/t1/run/datasets/t01/summary.json,/records/18
t1,t01,fixed_behavior,983,ring8,general,0,0.013147412900418418,0.017165375206761837,,,,0.004182419168475242,0.023528787567975124,1.7896134962967747,,results/source_records/t1/run/datasets/t01/summary.json,/records/19
t1,t01,fixed_behavior,983,long8,general,0,0.081320782764159,0.10617311244632284,,,,0.0642971914375079,0.15600722542898657,1.9184176556862238,,results/source_records/t1/run/datasets/t01/summary.json,/records/20
t1,t01,fixed_behavior,983,reset_iso,reset,0,0.03413936022757102,0.124682583124856,0.3726726688472209,0.09484379274217003,0.07339996736968483,0.0404198333293969,0.10058839570446526,2.946405411054829,0.42617267994835456,results/source_records/t1/run/datasets/t01/summary.json,/records/21
t1,t01,fixed_behavior,983,reset_iso,reset,256,0.034348241457142235,0.1254454518809085,0.3795901584878903,0.09484379274217003,0.07374946277942657,0.04104274534870584,0.10064398429880901,2.9301058810939944,0.4327404478675721,results/source_records/t1/run/datasets/t01/summary.json,/records/22
t1,t01,fixed_behavior,983,reset_ring4,reset,0,0.032561421336473266,0.11891968963054998,0.4430253949141884,0.09549758686997867,0.06282396992100381,0.029880862782133717,0.09056827169964882,2.781459407553561,0.31289652190706074,results/source_records/t1/run/datasets/t01/summary.json,/records/23
t1,t01,fixed_behavior,983,reset_ring4,reset,256,0.03226477619006569,0.11783629255225096,0.44204046815265063,0.09549758686997867,0.06296864916841473,0.030006960434516252,0.0903909952178048,2.8015379584636992,0.31421694953790985,results/source_records/t1/run/datasets/t01/summary.json,/records/24
t1,t01,fixed_behavior,983,reset_null,reset,0,0.038730046275585565,0.14144852692011892,,0.0,0.0,0.031099346712588873,0.038730046275585565,1.0,,results/source_records/t1/run/datasets/t01/summary.json,/records/25
t1,t01,fixed_behavior,983,reset_null,reset,256,0.03796329384054068,0.13864822036541488,,0.0,0.0,0.031097533960166245,0.03796329384054068,1.0,,results/source_records/t1/run/datasets/t01/summary.json,/records/26
t1,t01,free_behavior,971,ring4,general,0,0.018761699938939506,0.02449543658572767,,,,0.003802447267204148,0.02531984575380472,1.3495496589439597,,results/source_records/t1/run/datasets/t01/summary.json,/records/27
t1,t01,free_behavior,971,ring8,general,0,0.01957789927692248,0.025561073451786886,,,,0.003419297944468741,0.027185063796671127,1.3885587729381987,,results/source_records/t1/run/datasets/t01/summary.json,/records/28
t1,t01,free_behavior,971,long8,general,0,0.09265650224463817,0.12097312516326061,,,,0.03570285500793063,0.1358212911767406,1.46585817386173,,results/source_records/t1/run/datasets/t01/summary.json,/records/29
t1,t01,free_behavior,971,reset_iso,reset,0,0.03658969127220304,0.1336315968767017,0.38864977801392947,0.09484379274217003,0.046292618308350776,0.02965084624252449,0.0887273873275473,2.42492855890678,0.3126282214707442,results/source_records/t1/run/datasets/t01/summary.json,/records/30
t1,t01,free_behavior,971,reset_iso,reset,256,0.03874655650188236,0.141508824993924,0.45319782390680385,0.09484379274217003,0.02688225316841829,0.018693997865013308,0.07811807919091966,2.01612959301621,0.19710301881149325,results/source_records/t1/run/datasets/t01/summary.json,/records/31
t1,t01,free_behavior,971,reset_ring4,reset,0,0.038128107338730004,0.13925014648679232,0.45286317360949707,0.09549758686997867,0.04217483369979402,0.024549217608480858,0.08534064751833496,2.238260786463091,0.2570663658957683,results/source_records/t1/run/datasets/t01/summary.json,/records/32
t1,t01,free_behavior,971,reset_ring4,reset,256,0.03673317191391439,0.134155611882189,0.47606608079843976,0.09549758686997867,0.023564046986619,0.013812169394964243,0.07353240791636802,2.001798485812607,0.14463370067947068,results/source_records/t1/run/datasets/t01/summary.json,/records/33
t1,t01,free_behavior,971,reset_null,reset,0,0.03527614843896707,0.12883432146201082,,0.0,0.0,0.04579762989781097,0.03527614843896707,1.0,,results/source_records/t1/run/datasets/t01/summary.json,/records/34
t1,t01,free_behavior,971,reset_null,reset,256,0.03365960285807885,0.1229304299590459,,0.0,0.0,0.027229136426390563,0.03365960285807885,1.0,,results/source_records/t1/run/datasets/t01/summary.json,/records/35
t1,t01,free_behavior,977,ring4,general,0,0.016801036182307386,0.021935577144801585,,,,0.0021898470713668343,0.02457443117735385,1.4626735464823515,,results/source_records/t1/run/datasets/t01/summary.json,/records/36
t1,t01,free_behavior,977,ring8,general,0,0.017223671804049105,0.022487373842592126,,,,0.0021333170335199924,0.026207988023922935,1.521626069173108,,results/source_records/t1/run/datasets/t01/summary.json,/records/37
t1,t01,free_behavior,977,long8,general,0,0.17165340926627373,0.22411216548022656,,,,0.009537803423119827,0.21935337177350334,1.2778853196748108,,results/source_records/t1/run/datasets/t01/summary.json,/records/38
t1,t01,free_behavior,977,reset_iso,reset,0,0.04672113484430077,0.17063330244272132,0.4432134238359457,0.09484379274217003,0.02777070935322447,0.010869809578072126,0.08701036483759723,1.862334147652047,0.11460749579702462,results/source_records/t1/run/datasets/t01/summary.json,/records/39
t1,t01,free_behavior,977,reset_iso,reset,256,0.04999510987100512,0.18259040007708466,0.6298980931719002,0.09484379274217003,0.007672556568446633,0.0027005307302964982,0.07138232245658747,1.4277860902949222,0.028473457800636558,results/source_records/t1/run/datasets/t01/summary.json,/records/40
t1,t01,free_behavior,977,reset_ring4,reset,0,0.050349757369096915,0.18388563132530067,0.5499647801636343,0.09549758686997867,0.022415378941994916,0.007148086901707931,0.0830460856035694,1.6493840277081544,0.07485096886730921,results/source_records/t1/run/datasets/t01/summary.json,/records/41
t1,t01,free_behavior,977,reset_ring4,reset,256,0.05474882277301618,0.19995174487399228,0.6959068062441532,0.09549758686997867,0.006392639395781618,0.0018725954294825098,0.07246522556563385,1.3235942234971576,0.019608824587704767,results/source_records/t1/run/datasets/t01/summary.json,/records/42
t1,t01,free_behavior,977,reset_null,reset,0,0.0589160549606099,0.21517116521950344,,0.0,0.0,0.008526741474225028,0.0589160549606099,1.0,,results/source_records/t1/run/datasets/t01/summary.json,/records/43
t1,t01,free_behavior,977,reset_null,reset,256,0.0561723452165481,0.2051506839933149,,0.0,0.0,0.0025904438340706598,0.0561723452165481,1.0,,results/source_records/t1/run/datasets/t01/summary.json,/records/44
t1,t01,free_behavior,983,ring4,general,0,0.022900282242649218,0.02989880518800083,,,,2.52632790963341e-05,0.023070712395722132,1.0074422730369457,,results/source_records/t1/run/datasets/t01/summary.json,/records/45
t1,t01,free_behavior,983,ring8,general,0,0.02321760049797755,0.030313098627624418,,,,1.8511894088748543e-05,0.023283493274798183,1.0028380528309278,,results/source_records/t1/run/datasets/t01/summary.json,/records/46
t1,t01,free_behavior,983,long8,general,0,0.14504279205619358,0.18936911509044205,,,,2.8709411554764703e-05,0.14533942952169834,1.0020451720578423,,results/source_records/t1/run/datasets/t01/summary.json,/records/47
t1,t01,free_behavior,983,reset_iso,reset,0,0.05085783533367827,0.18574121598273258,0.9985284586114777,0.09484379274217003,1.1421945148022807e-06,6.711565612431407e-06,0.05092818971407018,1.0013833538122554,7.07644160823112e-05,results/source_records/t1/run/datasets/t01/summary.json,/records/48
t1,t01,free_behavior,983,reset_iso,reset,256,0.05135722722559453,0.1875650776679156,0.9999791710266508,0.09484379274217003,2.556056229369488e-10,1.588031810140659e-09,0.051358215102812015,1.000019235407962,1.6743655691392215e-08,results/source_records/t1/run/datasets/t01/summary.json,/records/49
t1,t01,free_behavior,983,reset_ring4,reset,0,0.05328447393410005,0.1946037010145032,0.9973637081111584,0.09549758686997867,1.5561878547754062e-06,4.207531990986673e-06,0.053411131784665285,1.0023770123117266,4.405903990762917e-05,results/source_records/t1/run/datasets/t01/summary.json,/records/50
t1,t01,free_behavior,983,reset_ring4,reset,256,0.053382096888635044,0.19496023617106636,0.9999675686428484,0.09549758686997867,9.520945457699677e-10,3.1462320284568333e-09,0.05338364592285161,1.0000290178600477,3.29456704779407e-08,results/source_records/t1/run/datasets/t01/summary.json,/records/51
t1,t01,free_behavior,983,reset_null,reset,0,0.04693322713551729,0.17140789852634647,,0.0,0.0,6.921018949753357e-06,0.04693322713551729,1.0,,results/source_records/t1/run/datasets/t01/summary.json,/records/52
t1,t01,free_behavior,983,reset_null,reset,256,0.047580682891670216,0.17377251390279425,,0.0,0.0,1.2822612357622206e-09,0.047580682891670216,1.0,,results/source_records/t1/run/datasets/t01/summary.json,/records/53
t1,t01,gru4_behavior,971,ring4,general,0,0.010752078384326078,0.01403800588886936,,,,0.004543935322950541,0.025805485639112034,2.4000462716799174,,results/source_records/t1/run/datasets/t01/summary.json,/records/54
t1,t01,gru4_behavior,971,ring8,general,0,0.011114574376011233,0.0145112837691149,,,,0.0046003832598295585,0.025127015522103297,2.2607267423874857,,results/source_records/t1/run/datasets/t01/summary.json,/records/55
t1,t01,gru4_behavior,971,long8,general,0,0.3078624021393124,0.4019477964830718,,,,0.039239175593519256,0.3772085896000695,1.2252505891556609,,results/source_records/t1/run/datasets/t01/summary.json,/records/56
t1,t01,gru4_behavior,971,reset_iso,reset,0,0.08144555076214183,0.29745260559538417,0.5359357699580718,0.09484379274217003,0.10305781321583375,0.020087766814110994,0.15498126312201463,1.9028818845443214,0.21179843438693957,results/source_records/t1/run/datasets/t01/summary.json,/records/57
t1,t01,gru4_behavior,971,reset_iso,reset,256,0.08236158175727858,0.30079810211127506,0.543726831444495,0.09484379274217003,0.10161339613298076,0.020376138397835517,0.1548056186370882,1.8795853034161463,0.21483892417954467,results/source_records/t1/run/datasets/t01/summary.json,/records/58
t1,t01,gru4_behavior,971,reset_ring4,reset,0,0.08901626115231492,0.32510209056653616,0.35549225939452295,0.09549758686997867,0.07900685459654526,0.017877914975633926,0.1592941553527181,1.7894950123792697,0.18720802861725672,results/source_records/t1/run/datasets/t01/summary.json,/records/59
t1,t01,gru4_behavior,971,reset_ring4,reset,256,0.08873650728255104,0.32408038322085586,0.35766073862619707,0.09549758686997867,0.08045851991430546,0.018310295701282123,0.15963669193722532,1.7989967920296537,0.19173568988933568,results/source_records/t1/run/datasets/t01/summary.json,/records/60
t1,t01,gru4_behavior,971,reset_null,reset,0,0.08805525119772688,0.3215923234605325,,0.0,0.0,0.012720700985256265,0.08805525119772688,1.0,,results/source_records/t1/run/datasets/t01/summary.json,/records/61
t1,t01,gru4_behavior,971,reset_null,reset,256,0.08808627936551304,0.321705643454915,,0.0,0.0,0.013521405539278277,0.08808627936551304,1.0,,results/source_records/t1/run/datasets/t01/summary.json,/records/62
t1,t01,gru4_behavior,977,ring4,general,0,0.0777556760317769,0.1015184784755936,,,,0.006745111273603867,0.0841039157897171,1.0816434256882523,,results/source_records/t1/run/datasets/t01/summary.json,/records/63
t1,t01,gru4_behavior,977,ring8,general,0,0.07312069939693651,0.09546701317103337,,,,0.005229085108203705,0.07846645339157511,1.0731086277719954,,results/source_records/t1/run/datasets/t01/summary.json,/records/64
t1,t01,gru4_behavior,977,long8,general,0,1.0007320253534953,1.3065643276532948,,,,0.04448255415617496,1.0403892678615847,1.0396282336363534,,results/source_records/t1/run/datasets/t01/summary.json,/records/65
t1,t01,gru4_behavior,977,reset_iso,reset,0,0.255147571332151,0.9318410790262623,0.8712144256831758,0.09484379274217003,0.023253099022656543,0.012311104664646471,0.27288137695226516,1.0695041129630363,0.1298040104544726,results/source_records/t1/run/datasets/t01/summary.json,/records/66
t1,t01,gru4_behavior,977,reset_iso,reset,256,0.2528134267244395,0.923316397335204,0.8570180367700011,0.09484379274217003,0.022974288239810337,0.01182455541185406,0.27108104667030736,1.072257317115436,0.12467400417019124,results/source_records/t1/run/datasets/t01/summary.json,/records/67
t1,t01,gru4_behavior,977,reset_ring4,reset,0,0.25465766541388346,0.9300518616838582,0.740500525173548,0.09549758686997867,0.017753826737510404,0.012100916479397697,0.2759253655950928,1.0835148635586678,0.12671436919001175,results/source_records/t1/run/datasets/t01/summary.json,/records/68
t1,t01,gru4_behavior,977,reset_ring4,reset,256,0.2519998385422385,0.9203450388949613,0.7338255961991711,0.09549758686997867,0.01729758332459988,0.01188092515021672,0.2733581368445757,1.0847552062965202,0.12441073685341149,results/source_records/t1/run/datasets/t01/summary.json,/records/69
t1,t01,gru4_behavior,977,reset_null,reset,0,0.2497135013554432,0.9119949578025267,,0.0,0.0,0.007954718599398612,0.2497135013554432,1.0,,results/source_records/t1/run/datasets/t01/summary.json,/records/70
t1,t01,gru4_behavior,977,reset_null,reset,256,0.24773647543411462,0.9047745325475457,,0.0,0.0,0.00822816311757321,0.24773647543411462,1.0,,results/source_records/t1/run/datasets/t01/summary.json,/records/71
t1,t01,gru4_behavior,983,ring4,general,0,0.013710335145802027,0.017900331325310073,,,,0.004106076133273131,0.026402579988235298,1.9257428580306817,,results/source_records/t1/run/datasets/t01/summary.json,/records/72
t1,t01,gru4_behavior,983,ring8,general,0,0.012478549823545453,0.01629210182868848,,,,0.003849604874166432,0.025998814572950214,2.0834804476954303,,results/source_records/t1/run/datasets/t01/summary.json,/records/73
t1,t01,gru4_behavior,983,long8,general,0,0.2761963921705317,0.3606043818864342,,,,0.026348764994714946,0.3564950795198494,1.2907303991854424,,results/source_records/t1/run/datasets/t01/summary.json,/records/74
t1,t01,gru4_behavior,983,reset_iso,reset,0,0.07432717608781757,0.2714551253810793,0.4190170782855755,0.09484379274217003,0.06101017301804413,0.01444064936063552,0.13238357455593172,1.7810924822371903,0.15225718988159812,results/source_records/t1/run/datasets/t01/summary.json,/records/75
t1,t01,gru4_behavior,983,reset_iso,reset,256,0.07437871455574949,0.27164335237974635,0.4212799035125965,0.09484379274217003,0.06088721062172361,0.014639017360149798,0.13226632435719526,1.7782819338462343,0.1543487131513764,results/source_records/t1/run/datasets/t01/summary.json,/records/76
t1,t01,gru4_behavior,983,reset_ring4,reset,0,0.07655812617909473,0.2796029236511367,0.31563261007712046,0.09549758686997867,0.05737424997607238,0.012123970870775378,0.13792296828135028,1.8015457687496548,0.12695578252969197,results/source_records/t1/run/datasets/t01/summary.json,/records/77
t1,t01,gru4_behavior,983,reset_ring4,reset,256,0.07672886557393255,0.28022649212598943,0.31706927135260354,0.09549758686997867,0.05734985031142753,0.01208871505552242,0.13801290895899646,1.7987091028475237,0.12658660236076308,results/source_records/t1/run/datasets/t01/summary.json,/records/78
t1,t01,gru4_behavior,983,reset_null,reset,0,0.0721298275142893,0.26343004540456694,,0.0,0.0,0.010322744022487436,0.0721298275142893,1.0,,results/source_records/t1/run/datasets/t01/summary.json,/records/79
t1,t01,gru4_behavior,983,reset_null,reset,256,0.07216740725612825,0.26356729282966257,,0.0,0.0,0.010225916906560308,0.07216740725612825,1.0,,results/source_records/t1/run/datasets/t01/summary.json,/records/80
t1,t01,gru32_behavior,971,ring4,general,0,0.009170395026523302,0.0119729465117419,,,,0.0032598566524361765,0.024384873155185265,2.659086449892018,,results/source_records/t1/run/datasets/t01/summary.json,/records/81
t1,t01,gru32_behavior,971,ring8,general,0,0.010058590090569813,0.013132581616125592,,,,0.004107753097070688,0.027331169232737706,2.717196842364755,,results/source_records/t1/run/datasets/t01/summary.json,/records/82
t1,t01,gru32_behavior,971,long8,general,0,0.13749764915474552,0.1795181117125935,,,,0.01791297775840793,0.2306861475566763,1.677746121295882,,results/source_records/t1/run/datasets/t01/summary.json,/records/83
t1,t01,gru32_behavior,971,reset_iso,reset,0,0.031686718153408726,0.1157251291114005,0.23242667980642,0.09484379274217003,0.047614755193566734,0.01264107423185267,0.09189387833992595,2.900075605653733,0.13328309493291823,results/source_records/t1/run/datasets/t01/summary.json,/records/84
t1,t01,gru32_behavior,971,reset_iso,reset,256,0.02983020048377776,0.10894481989870508,0.22588431945713675,0.09484379274217003,0.04962547467894024,0.01346870973832294,0.09135297146410148,3.0624323666138618,0.14200939617563818,results/source_records/t1/run/datasets/t01/summary.json,/records/85
t1,t01,gru32_behavior,971,reset_ring4,reset,0,0.03437871315497635,0.12555673955510133,0.2528611291922607,0.09549758686997867,0.05285352984244521,0.010274708345247624,0.09648045768750431,2.8064010788472076,0.1075912877174246,results/source_records/t1/run/datasets/t01/summary.json,/records/86
t1,t01,gru32_behavior,971,reset_ring4,reset,256,0.03447912686910017,0.12592346702669607,0.24985028644760524,0.09549758686997867,0.05582255779249864,0.011498007784834396,0.09820914943421892,2.84836532569602,0.12040102961438282,results/source_records/t1/run/datasets/t01/summary.json,/records/87
t1,t01,gru32_behavior,971,reset_null,reset,0,0.0367294662711886,0.13414207826280922,,0.0,0.0,0.011775263642630948,0.0367294662711886,1.0,,results/source_records/t1/run/datasets/t01/summary.json,/records/88
t1,t01,gru32_behavior,971,reset_null,reset,256,0.03613892857566189,0.1319853370462176,,0.0,0.0,0.012835107082218989,0.03613892857566189,1.0,,results/source_records/t1/run/datasets/t01/summary.json,/records/89
t1,t01,gru32_behavior,977,ring4,general,0,0.0070319144854936845,0.009180927949826634,,,,0.002250630582041021,0.02027971838488911,2.883954067803961,,results/source_records/t1/run/datasets/t01/summary.json,/records/90
t1,t01,gru32_behavior,977,ring8,general,0,0.007522682812288041,0.00982167929253009,,,,0.0026297477546956397,0.024164120596421312,3.212167945849061,,results/source_records/t1/run/datasets/t01/summary.json,/records/91
t1,t01,gru32_behavior,977,long8,general,0,0.0918786020081623,0.11995749193308251,,,,0.014567995963728438,0.19609677244220158,2.1343029623456915,,results/source_records/t1/run/datasets/t01/summary.json,/records/92
t1,t01,gru32_behavior,977,reset_iso,reset,0,0.017858633097833185,0.0652226781894593,0.21774920535354017,0.09484379274217003,0.056520623234548394,0.01017385353630238,0.08321476092784248,4.659637748979739,0.10726957708196773,results/source_records/t1/run/datasets/t01/summary.json,/records/93
t1,t01,gru32_behavior,977,reset_iso,reset,256,0.016431117858336206,0.06000915671969143,0.21568415795504944,0.09484379274217003,0.055697478988137365,0.010188643682632169,0.08147360205327538,4.958494166721612,0.10742551924646969,results/source_records/t1/run/datasets/t01/summary.json,/records/94
t1,t01,gru32_behavior,977,reset_ring4,reset,0,0.025560709601111575,0.0933519339063973,0.23124420074021768,0.09549758686997867,0.056474289852339314,0.008826531830947752,0.09050501638961679,3.54078653535037,0.09242675255203256,results/source_records/t1/run/datasets/t01/summary.json,/records/95
t1,t01,gru32_behavior,977,reset_ring4,reset,256,0.023776288517342505,0.08683493333510066,0.22342358155574232,0.09549758686997867,0.05534000892433231,0.008892856260755632,0.08852687990974366,3.723326281356817,0.09312126674848217,results/source_records/t1/run/datasets/t01/summary.json,/records/96
t1,t01,gru32_behavior,977,reset_null,reset,0,0.02345967806825393,0.08567861967328799,,0.0,0.0,0.008395960316319395,0.02345967806825393,1.0,,results/source_records/t1/run/datasets/t01/summary.json,/records/97
t1,t01,gru32_behavior,977,reset_null,reset,256,0.02182967796086242,0.07972559001694325,,0.0,0.0,0.008944985237029893,0.02182967796086242,1.0,,results/source_records/t1/run/datasets/t01/summary.json,/records/98
t1,t01,gru32_behavior,983,ring4,general,0,0.0042196440739254056,0.0055092035457115305,,,,0.002955287478503587,0.019491819527941694,4.619304184537311,,results/source_records/t1/run/datasets/t01/summary.json,/records/99
t1,t01,gru32_behavior,983,ring8,general,0,0.005368896732165041,0.007009677687314244,,,,0.002641704104829819,0.020527404642032,3.8233934579244915,,results/source_records/t1/run/datasets/t01/summary.json,/records/100
t1,t01,gru32_behavior,983,long8,general,0,0.12932885102644465,0.16885285871395103,,,,0.020901438215493912,0.21834038700142036,1.6882573785239536,,results/source_records/t1/run/datasets/t01/summary.json,/records/101
t1,t01,gru32_behavior,983,reset_iso,reset,0,0.024845249794977473,0.09073895650564431,0.2547645304141637,0.09484379274217003,0.041817052213504236,0.011206530496438175,0.08109425528658341,3.2639742387688457,0.11815776417654224,results/source_records/t1/run/datasets/t01/summary.json,/records/102
t1,t01,gru32_behavior,983,reset_iso,reset,256,0.024029926474979757,0.08776126105553596,0.23063772592932166,0.09484379274217003,0.04529280022191232,0.012027403997077536,0.08316094469919784,3.4607240594675144,0.1268127691790402,results/source_records/t1/run/datasets/t01/summary.json,/records/103
t1,t01,gru32_behavior,983,reset_ring4,reset,0,0.036054067093213564,0.13167540889381724,0.3229870776293658,0.09549758686997867,0.05754727065195736,0.01016728933733838,0.0971542526834294,2.6946821958324003,0.10646645292913308,results/source_records/t1/run/datasets/t01/summary.json,/records/104
t1,t01,gru32_behavior,983,reset_ring4,reset,256,0.037248732507313684,0.13603852433613983,0.3241642964408281,0.09549758686997867,0.06300593447080327,0.011013501358018735,0.10102203922329377,2.7120933364231488,0.11532753568960621,results/source_records/t1/run/datasets/t01/summary.json,/records/105
t1,t01,gru32_behavior,983,reset_null,reset,0,0.042922501638259995,0.15676006646770976,,0.0,0.0,0.014600081806667919,0.042922501638259995,1.0,,results/source_records/t1/run/datasets/t01/summary.json,/records/106
t1,t01,gru32_behavior,983,reset_null,reset,256,0.046023110594938264,0.16808400257552525,,0.0,0.0,0.016792903744026446,0.046023110594938264,1.0,,results/source_records/t1/run/datasets/t01/summary.json,/records/107
t1,t01,graph32_behavior,971,ring4,general,0,0.007774749661618111,0.010150779936033822,,,,0.0025530879342428744,0.023700933289045326,3.048449701994983,,results/source_records/t1/run/datasets/t01/summary.json,/records/108
t1,t01,graph32_behavior,971,ring8,general,0,0.00815461425089325,0.010646734406472848,,,,0.003139992256034741,0.02596665380416796,3.184289655555883,,results/source_records/t1/run/datasets/t01/summary.json,/records/109
t1,t01,graph32_behavior,971,long8,general,0,0.3408779617868378,0.44505319473164767,,,,0.009981185761994615,0.4013846103703907,1.177502377291817,,results/source_records/t1/run/datasets/t01/summary.json,/records/110
t1,t01,graph32_behavior,971,reset_iso,reset,0,0.03125377132299196,0.11414393576705403,0.30094390288924155,0.09484379274217003,0.03846376476364238,0.009052725497245393,0.08363621957199036,2.6760360760195057,0.0954487925409621,results/source_records/t1/run/datasets/t01/summary.json,/records/111
t1,t01,graph32_behavior,971,reset_iso,reset,256,0.031125524996743956,0.11367555899823689,0.2939431343117493,0.09484379274217003,0.039201914301161093,0.0094344441140196,0.0842090377724262,2.705465619655743,0.09947350101937455,results/source_records/t1/run/datasets/t01/summary.json,/records/112
t1,t01,graph32_behavior,971,reset_ring4,reset,0,0.08747498103331897,0.31947308096370813,0.4534955408157298,0.09549758686997867,0.02418320836660268,0.005650970474819421,0.12566151372118942,1.4365423374407513,0.059173960934879935,results/source_records/t1/run/datasets/t01/summary.json,/records/113
t1,t01,graph32_behavior,971,reset_ring4,reset,256,0.09123476785056835,0.3332044435097129,0.4866338170264874,0.09549758686997867,0.03094292884082307,0.008550247461055717,0.1312188480949815,1.4382548581687882,0.08953364939678529,results/source_records/t1/run/datasets/t01/summary.json,/records/114
t1,t01,graph32_behavior,971,reset_null,reset,0,0.04144748345918416,0.15137305641546012,,0.0,0.0,0.007680473103980438,0.04144748345918416,1.0,,results/source_records/t1/run/datasets/t01/summary.json,/records/115
t1,t01,graph32_behavior,971,reset_null,reset,256,0.041491002457510036,0.1515319949863679,,0.0,0.0,0.008411488334424275,0.041491002457510036,1.0,,results/source_records/t1/run/datasets/t01/summary.json,/records/116
t1,t01,graph32_behavior,977,ring4,general,0,0.00995273116918172,0.01299437129913221,,,,0.003485476657273058,0.02167188907443036,2.1774816084188626,,results/source_records/t1/run/datasets/t01/summary.json,/records/117
t1,t01,graph32_behavior,977,ring8,general,0,0.00791692926203783,0.010336410843531546,,,,0.0033983967960790995,0.02479765557063267,3.1322315445634934,,results/source_records/t1/run/datasets/t01/summary.json,/records/118
t1,t01,graph32_behavior,977,long8,general,0,0.17829359730680217,0.2327816520189429,,,,0.015327251596368219,0.25689468987583636,1.4408520202426554,,results/source_records/t1/run/datasets/t01/summary.json,/records/119
t1,t01,graph32_behavior,977,reset_iso,reset,0,0.03782695614883091,0.1381502925932967,0.24406103441440366,0.09484379274217003,0.05066502323594776,0.01111290416117018,0.09900752728118771,2.6173802325421223,0.11717060062518031,results/source_records/t1/run/datasets/t01/summary.json,/records/120
t1,t01,graph32_behavior,977,reset_iso,reset,256,0.03712126978296905,0.13557300941091913,0.23690433185436652,0.09484379274217003,0.05318947253486691,0.011700000956582468,0.09990344981390326,2.6912724267783044,0.12336074526657285,results/source_records/t1/run/datasets/t01/summary.json,/records/121
t1,t01,graph32_behavior,977,reset_ring4,reset,0,0.04375964872437524,0.15981746591680662,0.31774731068068157,0.09549758686997867,0.03401100205003122,0.005919810751747248,0.09334189248030157,2.133058541402499,0.061989113503016106,results/source_records/t1/run/datasets/t01/summary.json,/records/122
t1,t01,graph32_behavior,977,reset_ring4,reset,256,0.04486584158643001,0.1638574649840381,0.30996833758210385,0.09549758686997867,0.0404817457582334,0.007721446202455142,0.09805489373413594,2.1855133051553706,0.08085488288796241,results/source_records/t1/run/datasets/t01/summary.json,/records/123
t1,t01,graph32_behavior,977,reset_null,reset,0,0.035140774536933296,0.1283399136090004,,0.0,0.0,0.00828275793098894,0.035140774536933296,1.0,,results/source_records/t1/run/datasets/t01/summary.json,/records/124
t1,t01,graph32_behavior,977,reset_null,reset,256,0.03483346923597634,0.12721758388530716,,0.0,0.0,0.009189137833667238,0.03483346923597634,1.0,,results/source_records/t1/run/datasets/t01/summary.json,/records/125
t1,t01,graph32_behavior,983,ring4,general,0,0.012760520466718614,0.01666024512227936,,,,0.0026195746675510396,0.0225499443921366,1.767164940564164,,results/source_records/t1/run/datasets/t01/summary.json,/records/126
t1,t01,graph32_behavior,983,ring8,general,0,0.012451292836953341,0.016256514872881805,,,,0.0030311513631200416,0.02366684575397721,1.9007540874581308,,results/source_records/t1/run/datasets/t01/summary.json,/records/127
t1,t01,graph32_behavior,983,long8,general,0,0.1775804810749546,0.2318506013416415,,,,0.01643030084636136,0.22821086674694765,1.2851123353507672,,results/source_records/t1/run/datasets/t01/summary.json,/records/128
t1,t01,graph32_behavior,983,reset_iso,reset,0,0.030437207829440722,0.11116171099826057,0.2604862268376774,0.09484379274217003,0.05710274841377148,0.01756588809269825,0.09405772761497178,3.090221946179748,0.18520862130061144,results/source_records/t1/run/datasets/t01/summary.json,/records/129
t1,t01,graph32_behavior,983,reset_iso,reset,256,0.02971123781516589,0.10851034858116777,0.2608023219519643,0.09484379274217003,0.056645279241359904,0.017970636654479368,0.09308803315305612,3.133091718768445,0.18947614951810288,results/source_records/t1/run/datasets/t01/summary.json,/records/130
t1,t01,graph32_behavior,983,reset_ring4,reset,0,0.04627266752851702,0.16899542572194343,0.4410447815161788,0.09549758686997867,0.03000804723880932,0.010245140794468966,0.08796612841896247,1.9010386285759409,0.10728167203238205,results/source_records/t1/run/datasets/t01/summary.json,/records/131
t1,t01,graph32_behavior,983,reset_ring4,reset,256,0.04790078585377932,0.17494158279909558,0.4353470623088069,0.09549758686997867,0.029767295875485007,0.010934625404094058,0.08974593027062687,1.8735794971001716,0.11450158860015706,results/source_records/t1/run/datasets/t01/summary.json,/records/132
t1,t01,graph32_behavior,983,reset_null,reset,0,0.03921576414089362,0.14322244880127916,,0.0,0.0,0.020004417965151903,0.03921576414089362,1.0,,results/source_records/t1/run/datasets/t01/summary.json,/records/133
t1,t01,graph32_behavior,983,reset_null,reset,256,0.03652387119719505,0.1333912110897753,,0.0,0.0,0.02000862825651808,0.03652387119719505,1.0,,results/source_records/t1/run/datasets/t01/summary.json,/records/134
t1,t01,node32_behavior,971,ring4,general,0,0.013506939197545732,0.017634775828285765,,,,0.0024330345832408533,0.024673306909149966,1.8267134062196126,,results/source_records/t1/run/datasets/t01/summary.json,/records/135
t1,t01,node32_behavior,971,ring8,general,0,0.013538961974929884,0.017676585041484207,,,,0.0022339152094559282,0.023904971687307652,1.7656428706700353,,results/source_records/t1/run/datasets/t01/summary.json,/records/136
t1,t01,node32_behavior,971,long8,general,0,0.23841670497351594,0.3112788977898456,,,,0.01675199789265475,0.30313423563335384,1.271447131471039,,results/source_records/t1/run/datasets/t01/summary.json,/records/137
t1,t01,node32_behavior,971,reset_iso,reset,0,0.04872775226494402,0.17796180074149967,0.39466170991041843,0.09484379274217003,0.045993595129535825,0.010948864291906843,0.10043083963786133,2.06106038078251,0.11544102123447339,results/source_records/t1/run/datasets/t01/summary.json,/records/138
t1,t01,node32_behavior,971,reset_iso,reset,256,0.18384940589259538,0.6714484009031428,0.6018197685610571,0.09484379274217003,0.06790575285091104,0.021875508230870973,0.23668474406718834,1.287383785213096,0.23064775878732388,results/source_records/t1/run/datasets/t01/summary.json,/records/139
t1,t01,node32_behavior,971,reset_ring4,reset,0,0.05815552052318259,0.21239356781926672,0.3541599933135192,0.09549758686997867,0.043469995369736135,0.011810649273766245,0.11072859926128668,1.9040083944764425,0.12367484520678636,results/source_records/t1/run/datasets/t01/summary.json,/records/140
t1,t01,node32_behavior,971,reset_ring4,reset,256,0.20113907797011651,0.7345931394582041,0.537321243440578,0.09549758686997867,0.07930509372892865,0.023140387590923486,0.26288397726321394,1.3069761476299049,0.24231384634283434,results/source_records/t1/run/datasets/t01/summary.json,/records/141
t1,t01,node32_behavior,971,reset_null,reset,0,0.06755584923979517,0.24672512115820314,,0.0,0.0,0.012155441246795122,0.06755584923979517,1.0,,results/source_records/t1/run/datasets/t01/summary.json,/records/142
t1,t01,node32_behavior,971,reset_null,reset,256,0.15538358373437622,0.5674865160347441,,0.0,0.0,0.02381988886689522,0.15538358373437622,1.0,,results/source_records/t1/run/datasets/t01/summary.json,/records/143
t1,t01,node32_behavior,977,ring4,general,0,0.015459905475018937,0.020184585374307826,,,,0.001788889202529528,0.024182814357239884,1.5642278276743644,,results/source_records/t1/run/datasets/t01/summary.json,/records/144
t1,t01,node32_behavior,977,ring8,general,0,0.01275792526915871,0.01665685681005483,,,,0.0016207882884861412,0.023652875952965058,1.853975113817608,,results/source_records/t1/run/datasets/t01/summary.json,/records/145
t1,t01,node32_behavior,977,long8,general,0,0.21698967219584606,0.28330357975715625,,,,0.013605956154448448,0.27551044298559085,1.2696938070717316,,results/source_records/t1/run/datasets/t01/summary.json,/records/146
t1,t01,node32_behavior,977,reset_iso,reset,0,0.04681012575779931,0.170958311959469,0.39362442919497304,0.09484379274217003,0.046461507239702104,0.00949590087809244,0.09879635893162565,2.110576661186701,0.10012147978842177,results/source_records/t1/run/datasets/t01/summary.json,/records/147
t1,t01,node32_behavior,977,reset_iso,reset,256,0.07321745829405729,0.2674022526809663,0.5022126010874951,0.09484379274217003,0.06435107026749777,0.027076416866885805,0.1289990160033914,1.761861433174902,0.2854843325434298,results/source_records/t1/run/datasets/t01/summary.json,/records/148
t1,t01,node32_behavior,977,reset_ring4,reset,0,0.05395427115366957,0.19704991110599546,0.37858812217297405,0.09549758686997867,0.040471678973100854,0.008992271906503643,0.10386177805789075,1.9249964059764126,0.09416229457972325,results/source_records/t1/run/datasets/t01/summary.json,/records/149
t1,t01,node32_behavior,977,reset_ring4,reset,256,0.0803580935775472,0.29348103231723466,0.4443885526701247,0.09549758686997867,0.053823828163165804,0.025773423183435507,0.13379978382603,1.6650442770510787,0.2698855963609467,results/source_records/t1/run/datasets/t01/summary.json,/records/150
t1,t01,node32_behavior,977,reset_null,reset,0,0.054211853293156996,0.19799064363009772,,0.0,0.0,0.009254248435240687,0.054211853293156996,1.0,,results/source_records/t1/run/datasets/t01/summary.json,/records/151
t1,t01,node32_behavior,977,reset_null,reset,256,0.08747269124838906,0.31946471829088835,,0.0,0.0,0.03201394429727391,0.08747269124838906,1.0,,results/source_records/t1/run/datasets/t01/summary.json,/records/152
t1,t01,node32_behavior,983,ring4,general,0,0.009904857533008635,0.012931867068554887,,,,0.0023071657523522433,0.02232773319245567,2.2542205294772715,,results/source_records/t1/run/datasets/t01/summary.json,/records/153
t1,t01,node32_behavior,983,ring8,general,0,0.009765662993639058,0.01275013348240311,,,,0.002259360285157227,0.02377281785334495,2.4343270773146237,,results/source_records/t1/run/datasets/t01/summary.json,/records/154
t1,t01,node32_behavior,983,long8,general,0,0.22936352141066865,0.2994589835718159,,,,0.013721729867256833,0.29563708251929804,1.2889455162748766,,results/source_records/t1/run/datasets/t01/summary.json,/records/155
t1,t01,node32_behavior,983,reset_iso,reset,0,0.046669032645789955,0.17044301660685596,0.35027278830913144,0.09484379274217003,0.043656916861655536,0.01095917582489872,0.09930878756287496,2.127937562293434,0.11554974245590227,results/source_records/t1/run/datasets/t01/summary.json,/records/156
t1,t01,node32_behavior,983,reset_iso,reset,256,0.05934611601623308,0.21674181923759475,0.43012896204199647,0.09484379274217003,0.046871158199035146,0.0328774142770081,0.10980606043599718,1.8502653215917562,0.3466480338506111,results/source_records/t1/run/datasets/t01/summary.json,/records/157
t1,t01,node32_behavior,983,reset_ring4,reset,0,0.05193647225254234,0.18968057619339043,0.34951418537999024,0.09549758686997867,0.04451649854465004,0.009519946026505032,0.10525463438624216,2.0266034603667147,0.09968781765623644,results/source_records/t1/run/datasets/t01/summary.json,/records/158
t1,t01,node32_behavior,983,reset_ring4,reset,256,0.06506409969483765,0.237624840201134,0.4626954659856531,0.09549758686997867,0.04488188641876612,0.02911862191778215,0.11316068611856824,1.739218503741883,0.3049147404889672,results/source_records/t1/run/datasets/t01/summary.json,/records/159
t1,t01,node32_behavior,983,reset_null,reset,0,0.05345529403783955,0.19522756425159737,,0.0,0.0,0.010177423292012993,0.05345529403783955,1.0,,results/source_records/t1/run/datasets/t01/summary.json,/records/160
t1,t01,node32_behavior,983,reset_null,reset,256,0.06479394944271316,0.2366382068535205,,0.0,0.0,0.02563515234276044,0.06479394944271316,1.0,,results/source_records/t1/run/datasets/t01/summary.json,/records/161
t1,t02,fixed_behavior,971,ring4,general,0,0.018858629646919287,0.02580550369150772,,,,0.006312454385441021,0.03180730884769937,1.68661824550414,,results/source_records/t1/run/datasets/t02/summary.json,/records/0
t1,t02,fixed_behavior,971,ring8,general,0,0.01923394947944834,0.0263190785113731,,,,0.004832504619550424,0.03187897085292719,1.6574323898994419,,results/source_records/t1/run/datasets/t02/summary.json,/records/1
t1,t02,fixed_behavior,971,long8,general,0,0.09688835119220214,0.13257870540783995,,,,0.05505221841273366,0.2460822462554717,2.539853792818771,,results/source_records/t1/run/datasets/t02/summary.json,/records/2
t1,t02,fixed_behavior,971,reset_iso,reset,0,0.021944918873935838,0.08955002891986887,0.2035710562480737,0.11634346638986204,0.08486088332169751,0.030613657616510758,0.11070501249658711,5.044676315849697,0.26313173026773745,results/source_records/t1/run/datasets/t02/summary.json,/records/3
t1,t02,fixed_behavior,971,reset_iso,reset,256,0.021850623331486532,0.08916523968451748,0.20336884308704706,0.11634346638986204,0.08443018133651393,0.030715762173771408,0.11040712911983885,5.052813709014116,0.2640093434283983,results/source_records/t1/run/datasets/t02/summary.json,/records/4
t1,t02,fixed_behavior,971,reset_ring4,reset,0,0.028969009068200314,0.1182130412392823,0.38170518723205943,0.0807072013641175,0.05830542684049681,0.024150602109517277,0.08307214452052432,2.86762119908733,0.2992372638540612,results/source_records/t1/run/datasets/t02/summary.json,/records/5
t1,t02,fixed_behavior,971,reset_ring4,reset,256,0.028746688118552355,0.1173058222340613,0.3815525703683981,0.0807072013641175,0.05844133574170265,0.02413510878899355,0.08292393663561647,2.8846431384942584,0.29904529436110566,results/source_records/t1/run/datasets/t02/summary.json,/records/6
t1,t02,fixed_behavior,971,reset_null,reset,0,0.04844786664556908,0.19769988142309988,,0.0,0.0,0.017536885238722526,0.04844786664556908,1.0,,results/source_records/t1/run/datasets/t02/summary.json,/records/7
t1,t02,fixed_behavior,971,reset_null,reset,256,0.04796191995512369,0.1957168920836139,,0.0,0.0,0.01768715212906762,0.04796191995512369,1.0,,results/source_records/t1/run/datasets/t02/summary.json,/records/8
t1,t02,fixed_behavior,977,ring4,general,0,0.01917758345506769,0.026241949171783567,,,,0.007563647673694653,0.030510031138262773,1.5909215678683686,,results/source_records/t1/run/datasets/t02/summary.json,/records/9
t1,t02,fixed_behavior,977,ring8,general,0,0.022506702491520664,0.030797401778526384,,,,0.007748511052504924,0.03290135530669544,1.4618469906504932,,results/source_records/t1/run/datasets/t02/summary.json,/records/10
t1,t02,fixed_behavior,977,long8,general,0,0.11189989175272558,0.1531199839950191,,,,0.08439997149208256,0.22935641016314934,2.0496571227251685,,results/source_records/t1/run/datasets/t02/summary.json,/records/11
t1,t02,fixed_behavior,977,reset_iso,reset,0,0.033173865366371035,0.135371683076519,0.29455338608719855,0.11634346638986204,0.10066276546525875,0.048552883230581816,0.12454230049305659,3.754229394664013,0.41732367735961345,results/source_records/t1/run/datasets/t02/summary.json,/records/12
t1,t02,fixed_behavior,977,reset_iso,reset,256,0.031932021073687346,0.13030412311137918,0.2930061636396254,0.11634346638986204,0.1007110641749015,0.04816638773317372,0.12341460951875027,3.864916950729639,0.4140016558537992,results/source_records/t1/run/datasets/t02/summary.json,/records/13
t1,t02,fixed_behavior,977,reset_ring4,reset,0,0.03239313734401366,0.1321857876361083,0.4275420701100636,0.0807072013641175,0.058670352780308965,0.037703925762130226,0.08482905257542483,2.6187353103388573,0.4671692875586865,results/source_records/t1/run/datasets/t02/summary.json,/records/14
t1,t02,fixed_behavior,977,reset_ring4,reset,256,0.03214542148640883,0.13117494032608384,0.4289049739088088,0.0807072013641175,0.05886576664674572,0.03754237828506704,0.0846240454825582,2.632538058906382,0.46516763870539085,results/source_records/t1/run/datasets/t02/summary.json,/records/15
t1,t02,fixed_behavior,977,reset_null,reset,0,0.056602283413735376,0.230975386409416,,0.0,0.0,0.05440505779156215,0.056602283413735376,1.0,,results/source_records/t1/run/datasets/t02/summary.json,/records/16
t1,t02,fixed_behavior,977,reset_null,reset,256,0.056316542220691525,0.22980937015537253,,0.0,0.0,0.054272837893989824,0.056316542220691525,1.0,,results/source_records/t1/run/datasets/t02/summary.json,/records/17
t1,t02,fixed_behavior,983,ring4,general,0,0.017276163354981527,0.023640110950738914,,,,0.0042895707057040615,0.028987092639228246,1.6778663204101916,,results/source_records/t1/run/datasets/t02/summary.json,/records/18
t1,t02,fixed_behavior,983,ring8,general,0,0.02209075024592674,0.030228226954579492,,,,0.005139098199527678,0.02932908907518679,1.3276637845559234,,results/source_records/t1/run/datasets/t02/summary.json,/records/19
t1,t02,fixed_behavior,983,long8,general,0,0.09854952047701077,0.13485179263177569,,,,0.07496334596844732,0.20378947152009408,2.0678890220235346,,results/source_records/t1/run/datasets/t02/summary.json,/records/20
t1,t02,fixed_behavior,983,reset_iso,reset,0,0.03086247257145146,0.12593964585554468,0.2686890303174805,0.11634346638986204,0.10315496466935242,0.0424803384875328,0.12498158138679394,4.04962956540316,0.3651286987202442,results/source_records/t1/run/datasets/t02/summary.json,/records/21
t1,t02,fixed_behavior,983,reset_iso,reset,256,0.03028698181574299,0.12359125650341911,0.27178849159942453,0.11634346638986204,0.10401832213943385,0.04214054433223003,0.12465746834772591,4.115876223854359,0.36220808645170366,results/source_records/t1/run/datasets/t02/summary.json,/records/22
t1,t02,fixed_behavior,983,reset_ring4,reset,0,0.031829591347100804,0.12988614093378392,0.4972582497982535,0.0807072013641175,0.05023670361006336,0.03551708834019831,0.07723538309477494,2.4265276375221174,0.44007334834917516,results/source_records/t1/run/datasets/t02/summary.json,/records/23
t1,t02,fixed_behavior,983,reset_ring4,reset,256,0.0314284280424094,0.12824912483255907,0.4954931775103452,0.0807072013641175,0.05019073093755266,0.035460662451856056,0.0768824604295339,2.446271265167606,0.4393742051824126,results/source_records/t1/run/datasets/t02/summary.json,/records/24
t1,t02,fixed_behavior,983,reset_null,reset,0,0.04438117620462775,0.18110504921221476,,0.0,0.0,0.04598537747728221,0.04438117620462775,1.0,,results/source_records/t1/run/datasets/t02/summary.json,/records/25
t1,t02,fixed_behavior,983,reset_null,reset,256,0.044253215652509476,0.18058288409469395,,0.0,0.0,0.046158196683816766,0.044253215652509476,1.0,,results/source_records/t1/run/datasets/t02/summary.json,/records/26
t1,t02,free_behavior,971,ring4,general,0,0.013526987539444204,0.01850986701682908,,,,0.0025437787615323923,0.025086875254358154,1.8545796084461332,,results/source_records/t1/run/datasets/t02/summary.json,/records/27
t1,t02,free_behavior,971,ring8,general,0,0.018386731840630447,0.025159774876095598,,,,0.0025650650969905207,0.02543127600040487,1.3831319356171607,,results/source_records/t1/run/datasets/t02/summary.json,/records/28
t1,t02,free_behavior,971,long8,general,0,0.14017881722955075,0.1918158982500241,,,,0.011745270644642557,0.2293879003271603,1.6363948909022725,,results/source_records/t1/run/datasets/t02/summary.json,/records/29
t1,t02,free_behavior,971,reset_iso,reset,0,0.03691317308917481,0.15063057360334053,0.38259202309629164,0.11634346638986204,0.03855771891139031,0.014260326771536694,0.09210772458118599,2.495253506347781,0.12257092911217672,results/source_records/t1/run/datasets/t02/summary.json,/records/30
t1,t02,free_behavior,971,reset_iso,reset,256,0.07104527646329066,0.2899125122519402,1.051060462625726,0.11634346638986204,0.00013186522009733868,4.674516235391054e-05,0.06814093346696341,0.9591198297633773,0.00040178588282103854,results/source_records/t1/run/datasets/t02/summary.json,/records/31
t1,t02,free_behavior,971,reset_ring4,reset,0,0.0414111141653408,0.16898519846043805,0.4269647125739505,0.0807072013641175,0.02898467493638861,0.010782325166588197,0.07902748879228066,1.9083642250423447,0.13359805549374468,results/source_records/t1/run/datasets/t02/summary.json,/records/32
t1,t02,free_behavior,971,reset_ring4,reset,256,0.06332150758135426,0.2583943402905354,1.051023702805503,0.0807072013641175,9.637847721186074e-05,4.1043449456516655e-05,0.06131070669037567,0.9682445828000045,0.0005085475492000471,results/source_records/t1/run/datasets/t02/summary.json,/records/33
t1,t02,free_behavior,971,reset_null,reset,0,0.05696659961084569,0.23246204152874544,,0.0,0.0,0.00750132221518502,0.05696659961084569,1.0,,results/source_records/t1/run/datasets/t02/summary.json,/records/34
t1,t02,free_behavior,971,reset_null,reset,256,0.08538787571682042,0.3484399638829029,,0.0,0.0,3.5353861705190443e-05,0.08538787571682042,1.0,,results/source_records/t1/run/datasets/t02/summary.json,/records/35
t1,t02,free_behavior,977,ring4,general,0,0.02152764061504535,0.029457686998575473,,,,1.0215192419539474e-05,0.02149596093437343,0.9985284183604506,,results/source_records/t1/run/datasets/t02/summary.json,/records/36
t1,t02,free_behavior,977,ring8,general,0,0.02616603414353523,0.03580470603246718,,,,9.81955799562403e-06,0.026094039044229744,0.9972485284200673,,results/source_records/t1/run/datasets/t02/summary.json,/records/37
t1,t02,free_behavior,977,long8,general,0,0.11364473496299361,0.15550756775622995,,,,6.234998737400308e-06,0.11364612473538736,1.000012229096176,,results/source_records/t1/run/datasets/t02/summary.json,/records/38
t1,t02,free_behavior,977,reset_iso,reset,0,0.05315099175641736,0.21689179514625545,0.9990565370837613,0.11634346638986204,1.0294348458414194e-06,4.165379496953923e-06,0.0532063893468279,1.0010422682358293,3.580243589266897e-05,results/source_records/t1/run/datasets/t02/summary.json,/records/39
t1,t02,free_behavior,977,reset_iso,reset,256,0.05342333236834729,0.21800312801626873,0.9999665254535255,0.11634346638986204,2.5566588299615143e-09,1.0094907889538699e-08,0.05342528091905472,1.0000364737769258,8.676815469560696e-08,results/source_records/t1/run/datasets/t02/summary.json,/records/40
t1,t02,free_behavior,977,reset_ring4,reset,0,0.04152581589911345,0.16945325868137143,1.0000114651407273,0.0807072013641175,6.093479767861153e-07,4.8132504011489415e-06,0.04152565791345438,0.9999961954833241,5.963842531763116e-05,results/source_records/t1/run/datasets/t02/summary.json,/records/41
t1,t02,free_behavior,977,reset_ring4,reset,256,0.041041607374071996,0.1674773622258047,0.9999939950820282,0.0807072013641175,3.0877307247657626e-09,2.5282772991303578e-08,0.04104185123800189,1.0000059418708356,3.1326539099327907e-07,results/source_records/t1/run/datasets/t02/summary.json,/records/42
t1,t02,free_behavior,977,reset_null,reset,0,0.05402462332076078,0.22045679952388303,,0.0,0.0,3.5374888328572847e-06,0.05402462332076078,1.0,,results/source_records/t1/run/datasets/t02/summary.json,/records/43
t1,t02,free_behavior,977,reset_null,reset,256,0.053500264611121236,0.2183170633105778,,0.0,0.0,8.474656843914337e-09,0.053500264611121236,1.0,,results/source_records/t1/run/datasets/t02/summary.json,/records/44
t1,t02,free_behavior,983,ring4,general,0,0.013365178207028613,0.01828845266153667,,,,0.0027187152692495753,0.023242283078042537,1.7390178206392828,,results/source_records/t1/run/datasets/t02/summary.json,/records/45
t1,t02,free_behavior,983,ring8,general,0,0.017096891215792283,0.023394801088026367,,,,0.002681686114179149,0.0224368915577914,1.3123375047895605,,results/source_records/t1/run/datasets/t02/summary.json,/records/46
t1,t02,free_behavior,983,long8,general,0,0.15353577690278722,0.21009310495105976,,,,0.010822009413197907,0.20718167049566483,1.349403211909652,,results/source_records/t1/run/datasets/t02/summary.json,/records/47
t1,t02,free_behavior,983,reset_iso,reset,0,0.039129627958927965,0.159675200235418,0.5243322026659082,0.11634346638986204,0.02147929647847094,0.010752856425888663,0.07753969637751372,1.981610877029102,0.09242338018240144,results/source_records/t1/run/datasets/t02/summary.json,/records/48
t1,t02,free_behavior,983,reset_iso,reset,256,0.04273901963653318,0.17440394591770775,0.6281841598401456,0.11634346638986204,0.009891782953709315,0.0046396371903074975,0.06931408295544116,1.6217986173971968,0.03987879452345239,results/source_records/t1/run/datasets/t02/summary.json,/records/49
t1,t02,free_behavior,983,reset_ring4,reset,0,0.04802671856278571,0.19598131398571503,0.4923729697725408,0.0807072013641175,0.019970643361326527,0.008759514203428952,0.07849661873838139,1.6344364363716029,0.10853448088119978,results/source_records/t1/run/datasets/t02/summary.json,/records/50
t1,t02,free_behavior,983,reset_ring4,reset,256,0.04767686974338072,0.19455369549802454,0.5885661925130369,0.0807072013641175,0.009871692815053132,0.004021044270718113,0.06921555174262002,1.451763761236226,0.04982262056860112,results/source_records/t1/run/datasets/t02/summary.json,/records/51
t1,t02,free_behavior,983,reset_null,reset,0,0.05688735437002912,0.2321386676467251,,0.0,0.0,0.00960055188372096,0.05688735437002912,1.0,,results/source_records/t1/run/datasets/t02/summary.json,/records/52
t1,t02,free_behavior,983,reset_null,reset,256,0.057473223431382094,0.23452940746621598,,0.0,0.0,0.004721111615032085,0.057473223431382094,1.0,,results/source_records/t1/run/datasets/t02/summary.json,/records/53
t1,t02,gru4_behavior,971,ring4,general,0,0.020061463061337468,0.027451419789187054,,,,0.004448110522396391,0.04117419991736496,2.052402648374936,,results/source_records/t1/run/datasets/t02/summary.json,/records/54
t1,t02,gru4_behavior,971,ring8,general,0,0.016441418427859986,0.022497874547479296,,,,0.004602360165807094,0.023809479607349655,1.448140238740259,,results/source_records/t1/run/datasets/t02/summary.json,/records/55
t1,t02,gru4_behavior,971,long8,general,0,0.3237417603770529,0.44299715031892534,,,,0.029931404157228825,0.416695605310605,1.2871234308026602,,results/source_records/t1/run/datasets/t02/summary.json,/records/56
t1,t02,gru4_behavior,971,reset_iso,reset,0,0.08354733135474836,0.34092930495549106,0.4079868970474736,0.11634346638986204,0.06312844644410795,0.015840040340211577,0.14954998269258998,1.7900031068328122,0.13614894614822864,results/source_records/t1/run/datasets/t02/summary.json,/records/57
t1,t02,gru4_behavior,971,reset_iso,reset,256,0.08292266060852836,0.3383802281641507,0.4069317528407334,0.11634346638986204,0.062463982404790695,0.015150580985054875,0.14865445971739402,1.7926880134632985,0.13022287761554155,results/source_records/t1/run/datasets/t02/summary.json,/records/58
t1,t02,gru4_behavior,971,reset_ring4,reset,0,0.09138460290312576,0.3729106441366365,0.4432927990017268,0.0807072013641175,0.04513104414227065,0.017483756895790698,0.13641526514202348,1.4927598392765733,0.21663193123140548,results/source_records/t1/run/datasets/t02/summary.json,/records/59
t1,t02,gru4_behavior,971,reset_ring4,reset,256,0.09068765192479478,0.3700666153833838,0.44700231526173007,0.0807072013641175,0.045566002131940654,0.017584940874622892,0.135786100809702,1.4972942614316043,0.21788564808841424,results/source_records/t1/run/datasets/t02/summary.json,/records/60
t1,t02,gru4_behavior,971,reset_null,reset,0,0.19686162168040977,0.8033278234457748,,0.0,0.0,0.032087387099182886,0.19686162168040977,1.0,,results/source_records/t1/run/datasets/t02/summary.json,/records/61
t1,t02,gru4_behavior,971,reset_null,reset,256,0.19703538766709508,0.8040369055445672,,0.0,0.0,0.033169870683877195,0.19703538766709508,1.0,,results/source_records/t1/run/datasets/t02/summary.json,/records/62
t1,t02,gru4_behavior,977,ring4,general,0,0.09001277342489368,0.12317039999130554,,,,0.002869111092549575,0.10277104045016057,1.1417384060042584,,results/source_records/t1/run/datasets/t02/summary.json,/records/63
t1,t02,gru4_behavior,977,ring8,general,0,0.10562901803247458,0.14453913491071935,,,,0.0033924355032500923,0.11013219481792541,1.0426320046264783,,results/source_records/t1/run/datasets/t02/summary.json,/records/64
t1,t02,gru4_behavior,977,long8,general,0,1.1183915486981588,1.5303687372213706,,,,0.018295640151792508,1.1472192484812007,1.0257760350716154,,results/source_records/t1/run/datasets/t02/summary.json,/records/65
t1,t02,gru4_behavior,977,reset_iso,reset,0,0.219282895846743,0.8948217023500235,0.6884266981635736,0.11634346638986204,0.017215380427585854,0.014127881517142586,0.24601534502366815,1.1219085012248675,0.12143253038207279,results/source_records/t1/run/datasets/t02/summary.json,/records/66
t1,t02,gru4_behavior,977,reset_iso,reset,256,0.21751403805981082,0.8876035728647946,0.6838421797648679,0.11634346638986204,0.017361449994107367,0.014058570291101816,0.2445862114507131,1.1244617296078063,0.12083678376912152,results/source_records/t1/run/datasets/t02/summary.json,/records/67
t1,t02,gru4_behavior,977,reset_ring4,reset,0,0.1914236177476869,0.7811371098578528,0.7061202417446826,0.0807072013641175,0.0197206193823718,0.013558187471389817,0.21314303385323177,1.1134625724928726,0.1679922886957867,results/source_records/t1/run/datasets/t02/summary.json,/records/68
t1,t02,gru4_behavior,977,reset_ring4,reset,256,0.19059422775565807,0.77775264085167,0.7222815994447255,0.0807072013641175,0.021530940148082964,0.014586882109986621,0.2125666352748117,1.1152836986612327,0.18073829674971187,results/source_records/t1/run/datasets/t02/summary.json,/records/69
t1,t02,gru4_behavior,977,reset_null,reset,0,0.3468314468281499,1.4153055781249455,,0.0,0.0,0.01801289407809555,0.3468314468281499,1.0,,results/source_records/t1/run/datasets/t02/summary.json,/records/70
t1,t02,gru4_behavior,977,reset_null,reset,256,0.3465621813869187,1.4142067940197092,,0.0,0.0,0.017842293468471954,0.3465621813869187,1.0,,results/source_records/t1/run/datasets/t02/summary.json,/records/71
t1,t02,gru4_behavior,983,ring4,general,0,0.01655500575518914,0.022653303560593186,,,,0.004317064184138508,0.030367759418118465,1.8343551109065448,,results/source_records/t1/run/datasets/t02/summary.json,/records/72
t1,t02,gru4_behavior,983,ring8,general,0,0.014859268113472447,0.020332914179581232,,,,0.004896030553987764,0.02414320023906431,1.6247906730462993,,results/source_records/t1/run/datasets/t02/summary.json,/records/73
t1,t02,gru4_behavior,983,long8,general,0,0.27481277321948405,0.37604439805876105,,,,0.03600746505447671,0.3574339531768693,1.3006453411515861,,results/source_records/t1/run/datasets/t02/summary.json,/records/74
t1,t02,gru4_behavior,983,reset_iso,reset,0,0.06444485850176344,0.2629783675994394,0.37156207677883396,0.11634346638986204,0.06507945241573217,0.01853411332172314,0.13354190792233975,2.0721887056154458,0.15930514963011425,results/source_records/t1/run/datasets/t02/summary.json,/records/75
t1,t02,gru4_behavior,983,reset_iso,reset,256,0.06304611706537254,0.25727056176065843,0.37177353985994516,0.11634346638986204,0.06444358272198215,0.018673104114535256,0.13181293040481154,2.0907382808069634,0.16049980883294704,results/source_records/t1/run/datasets/t02/summary.json,/records/76
t1,t02,gru4_behavior,983,reset_ring4,reset,0,0.072688617940235,0.29661845077151117,0.44882121423196675,0.0807072013641175,0.045693364615597386,0.017498828844515892,0.11777734891715515,1.62029974230618,0.2168186797305536,results/source_records/t1/run/datasets/t02/summary.json,/records/77
t1,t02,gru4_behavior,983,reset_ring4,reset,256,0.07195854101065649,0.2936392458570134,0.45300241212138614,0.0807072013641175,0.045112504404647015,0.017974547731783346,0.11658811547036624,1.6202123310574135,0.22271305940457065,results/source_records/t1/run/datasets/t02/summary.json,/records/78
t1,t02,gru4_behavior,983,reset_null,reset,0,0.11768443460051241,0.48023164644327476,,0.0,0.0,0.02162933461385903,0.11768443460051241,1.0,,results/source_records/t1/run/datasets/t02/summary.json,/records/79
t1,t02,gru4_behavior,983,reset_null,reset,256,0.11686483945960212,0.4768871470175661,,0.0,0.0,0.021653042922106847,0.11686483945960212,1.0,,results/source_records/t1/run/datasets/t02/summary.json,/records/80
t1,t02,gru32_behavior,971,ring4,general,0,0.006280617693568124,0.008594182404064397,,,,0.0022147026572590703,0.02592107686875837,4.127154068827292,,results/source_records/t1/run/datasets/t02/summary.json,/records/81
t1,t02,gru32_behavior,971,ring8,general,0,0.008261199723092513,0.01130434310137544,,,,0.002369565290527937,0.02020348591876141,2.4455873960154544,,results/source_records/t1/run/datasets/t02/summary.json,/records/82
t1,t02,gru32_behavior,971,long8,general,0,0.09862465763085863,0.13495460774280404,,,,0.01884302692808337,0.2201221026764387,2.2319175342573234,,results/source_records/t1/run/datasets/t02/summary.json,/records/83
t1,t02,gru32_behavior,971,reset_iso,reset,0,0.02203114991299109,0.08990190955727508,0.13359159179891963,0.11634346638986204,0.07070167857896235,0.008414792936519302,0.10778246795105713,4.89227608984228,0.07232716367863483,results/source_records/t1/run/datasets/t02/summary.json,/records/84
t1,t02,gru32_behavior,971,reset_iso,reset,256,0.020958968429127114,0.08552668796548311,0.13905399350722294,0.11634346638986204,0.06802656604304681,0.007536576140991562,0.10505497269752599,5.012411419615906,0.06477867967021726,results/source_records/t1/run/datasets/t02/summary.json,/records/85
t1,t02,gru32_behavior,971,reset_ring4,reset,0,0.022554501348249458,0.09203753541362332,0.20939834935851012,0.0807072013641175,0.04756399194638813,0.008787362484411686,0.07824012064898352,3.468935953889135,0.10887953411699584,results/source_records/t1/run/datasets/t02/summary.json,/records/86
t1,t02,gru32_behavior,971,reset_ring4,reset,256,0.021446266565235295,0.08751519211224096,0.20956237511230208,0.0807072013641175,0.04572542461487885,0.00829615760740448,0.07620598320324266,3.5533449596664837,0.10279327578186793,results/source_records/t1/run/datasets/t02/summary.json,/records/87
t1,t02,gru32_behavior,971,reset_null,reset,0,0.0359483557344904,0.14669346987054901,,0.0,0.0,0.009811102786146273,0.0359483557344904,1.0,,results/source_records/t1/run/datasets/t02/summary.json,/records/88
t1,t02,gru32_behavior,971,reset_null,reset,256,0.03445025035133888,0.14058019229787286,,0.0,0.0,0.009170393398002354,0.03445025035133888,1.0,,results/source_records/t1/run/datasets/t02/summary.json,/records/89
t1,t02,gru32_behavior,977,ring4,general,0,0.005056081449276004,0.006918568896397504,,,,0.0029124928554405387,0.021046766443175446,4.1626636466050595,,results/source_records/t1/run/datasets/t02/summary.json,/records/90
t1,t02,gru32_behavior,977,ring8,general,0,0.006763039741949063,0.009254312232341327,,,,0.003260953063445504,0.01950421516964505,2.8839421197936157,,results/source_records/t1/run/datasets/t02/summary.json,/records/91
t1,t02,gru32_behavior,977,long8,general,0,0.11038666338522285,0.15104933406155138,,,,0.018122028106570116,0.2374871811805269,2.1514118997487395,,results/source_records/t1/run/datasets/t02/summary.json,/records/92
t1,t02,gru32_behavior,977,reset_iso,reset,0,0.03175724730678057,0.12959092859146118,0.19119438306195682,0.11634346638986204,0.05960123882981796,0.009628874134864867,0.10860749125112164,3.4199277475769314,0.08276248279038649,results/source_records/t1/run/datasets/t02/summary.json,/records/93
t1,t02,gru32_behavior,977,reset_iso,reset,256,0.030056806047450754,0.12265198455506371,0.1830939311173291,0.11634346638986204,0.06083298484724075,0.009787638245636965,0.10799414052161334,3.593001210811379,0.08412709840395337,results/source_records/t1/run/datasets/t02/summary.json,/records/94
t1,t02,gru32_behavior,977,reset_ring4,reset,0,0.027526448919827695,0.11232642558362599,0.23826894791537692,0.0807072013641175,0.04650545342522159,0.010683939350799856,0.08151776639682892,2.961434169523789,0.1323790091865327,results/source_records/t1/run/datasets/t02/summary.json,/records/95
t1,t02,gru32_behavior,977,reset_ring4,reset,256,0.026414448132579454,0.10778871445199503,0.23144248340358586,0.0807072013641175,0.04690162596419408,0.010749155297374932,0.08087932427575878,3.0619350391047013,0.13318706528899682,results/source_records/t1/run/datasets/t02/summary.json,/records/96
t1,t02,gru32_behavior,977,reset_null,reset,0,0.040294458089250945,0.16442849061923656,,0.0,0.0,0.01543536127309982,0.040294458089250945,1.0,,results/source_records/t1/run/datasets/t02/summary.json,/records/97
t1,t02,gru32_behavior,977,reset_null,reset,256,0.03821477903052012,0.15594200129005592,,0.0,0.0,0.014992752856854646,0.03821477903052012,1.0,,results/source_records/t1/run/datasets/t02/summary.json,/records/98
t1,t02,gru32_behavior,983,ring4,general,0,0.007212991663254112,0.009870011049468013,,,,0.0033179116263379912,0.022584635320601273,3.1311051467945696,,results/source_records/t1/run/datasets/t02/summary.json,/records/99
t1,t02,gru32_behavior,983,ring8,general,0,0.008318903214251766,0.011383302584752656,,,,0.002830683063891898,0.018927374335879956,2.2752247319639425,,results/source_records/t1/run/datasets/t02/summary.json,/records/100
t1,t02,gru32_behavior,983,long8,general,0,0.07998568862855139,0.10944968016321657,,,,0.024835225700325574,0.2000255063082057,2.5007661962768344,,results/source_records/t1/run/datasets/t02/summary.json,/records/101
t1,t02,gru32_behavior,983,reset_iso,reset,0,0.021314310212398574,0.08697672144025669,0.17508429114359383,0.11634346638986204,0.07072944469874863,0.01273133306415039,0.10466580910272623,4.9105886167426585,0.10942886144966862,results/source_records/t1/run/datasets/t02/summary.json,/records/102
t1,t02,gru32_behavior,983,reset_iso,reset,256,0.02129681675125952,0.08690533635289728,0.16846377985809602,0.11634346638986204,0.07190475360054936,0.0129232275645718,0.10562109659160018,4.959478114744713,0.11107824070899358,results/source_records/t1/run/datasets/t02/summary.json,/records/103
t1,t02,gru32_behavior,983,reset_ring4,reset,0,0.02000566604148125,0.08163657304305068,0.19270907438869073,0.0807072013641175,0.04685385559826128,0.01049604230362941,0.07600968950758878,3.799408095185863,0.13005087682666147,results/source_records/t1/run/datasets/t02/summary.json,/records/104
t1,t02,gru32_behavior,983,reset_ring4,reset,256,0.020261256013373412,0.08267955203541122,0.19223255587206084,0.0807072013641175,0.046804104398618075,0.010418195168903943,0.07625963306116292,3.7638156790885944,0.12908631439097182,results/source_records/t1/run/datasets/t02/summary.json,/records/105
t1,t02,gru32_behavior,983,reset_null,reset,0,0.038728593918782216,0.1580387116204814,,0.0,0.0,0.01215090933522661,0.038728593918782216,1.0,,results/source_records/t1/run/datasets/t02/summary.json,/records/106
t1,t02,gru32_behavior,983,reset_null,reset,256,0.038755467801377584,0.1581483751365522,,0.0,0.0,0.012257354358421929,0.038755467801377584,1.0,,results/source_records/t1/run/datasets/t02/summary.json,/records/107
t1,t02,graph32_behavior,971,ring4,general,0,0.01124884863647801,0.01539253967274684,,,,0.0029491977293868037,0.028164519126440846,2.503769055537678,,results/source_records/t1/run/datasets/t02/summary.json,/records/108
t1,t02,graph32_behavior,971,ring8,general,0,0.010171951602688257,0.013918950610278832,,,,0.0037943162983551854,0.023767612395521057,2.336583314969737,,results/source_records/t1/run/datasets/t02/summary.json,/records/109
t1,t02,graph32_behavior,971,long8,general,0,0.21454152840788396,0.2935712884215724,,,,0.02007668005777447,0.3164843301759735,1.475165822321714,,results/source_records/t1/run/datasets/t02/summary.json,/records/110
t1,t02,graph32_behavior,971,reset_iso,reset,0,0.0363024333071913,0.14813834451590038,0.26738786171869283,0.11634346638986204,0.05938545670485057,0.012863075817134728,0.10861247943358131,2.991878767863911,0.11056122201165215,results/source_records/t1/run/datasets/t02/summary.json,/records/111
t1,t02,graph32_behavior,971,reset_iso,reset,256,0.038054004031646126,0.15528593115913109,0.28254780399768686,0.11634346638986204,0.06037541303138102,0.01417181902261426,0.10997714818864497,2.890028289721806,0.12181018378054075,results/source_records/t1/run/datasets/t02/summary.json,/records/112
t1,t02,graph32_behavior,971,reset_ring4,reset,0,0.062057501771416924,0.2532363464294048,0.3165968728730043,0.0807072013641175,0.04392393318076893,0.00952443854548677,0.11159724537205884,1.7982877522707406,0.11801225150301574,results/source_records/t1/run/datasets/t02/summary.json,/records/113
t1,t02,graph32_behavior,971,reset_ring4,reset,256,0.06382547435879422,0.26045086370507414,0.319948320586292,0.0807072013641175,0.045066024352874066,0.010032740678208583,0.11380102045711905,1.7830031284591452,0.12431035283883786,results/source_records/t1/run/datasets/t02/summary.json,/records/114
t1,t02,graph32_behavior,971,reset_null,reset,0,0.057462935955685114,0.23448742764612782,,0.0,0.0,0.01690388357499187,0.057462935955685114,1.0,,results/source_records/t1/run/datasets/t02/summary.json,/records/115
t1,t02,graph32_behavior,971,reset_null,reset,256,0.05966761285088754,0.24348399222030048,,0.0,0.0,0.018414611436480825,0.05966761285088754,1.0,,results/source_records/t1/run/datasets/t02/summary.json,/records/116
t1,t02,graph32_behavior,977,ring4,general,0,0.012340955183330428,0.0168869409126017,,,,0.002480863407963598,0.02176236094391201,1.7634259764031528,,results/source_records/t1/run/datasets/t02/summary.json,/records/117
t1,t02,graph32_behavior,977,ring8,general,0,0.011624048114034164,0.015905949802984418,,,,0.0025284597670795516,0.020125077639277834,1.7313312403602363,,results/source_records/t1/run/datasets/t02/summary.json,/records/118
t1,t02,graph32_behavior,977,long8,general,0,0.16355115467730497,0.22379780529095866,,,,0.028196314616171305,0.2559585774353306,1.5650062388147021,,results/source_records/t1/run/datasets/t02/summary.json,/records/119
t1,t02,graph32_behavior,977,reset_iso,reset,0,0.045764897852050755,0.18675156420985967,0.2787787421431667,0.11634346638986204,0.06998856829163846,0.01958608973458906,0.12271387259448346,2.68139727944317,0.1683471392278867,results/source_records/t1/run/datasets/t02/summary.json,/records/120
t1,t02,graph32_behavior,977,reset_iso,reset,256,0.045968802252118766,0.18758363130602312,0.2726697171031674,0.11634346638986204,0.07098724796759263,0.01986954629760361,0.1237724891976469,2.692532394444583,0.1707835163774612,results/source_records/t1/run/datasets/t02/summary.json,/records/121
t1,t02,graph32_behavior,977,reset_ring4,reset,0,0.03556646909801957,0.1451351155409419,0.38490512862959037,0.0807072013641175,0.03474223247057947,0.012865298778634062,0.07775887817249784,2.1862973790903424,0.15940707348519195,results/source_records/t1/run/datasets/t02/summary.json,/records/122
t1,t02,graph32_behavior,977,reset_ring4,reset,256,0.03781124244811575,0.15429530061952137,0.39234006867665494,0.0807072013641175,0.04230221989721694,0.014740688202224994,0.08348361862137142,2.2079046658127384,0.18264402622166398,results/source_records/t1/run/datasets/t02/summary.json,/records/123
t1,t02,graph32_behavior,977,reset_null,reset,0,0.05870044018354082,0.23953727722768897,,0.0,0.0,0.01833447846090387,0.05870044018354082,1.0,,results/source_records/t1/run/datasets/t02/summary.json,/records/124
t1,t02,graph32_behavior,977,reset_null,reset,256,0.05725460265874313,0.23363728767189057,,0.0,0.0,0.019394451656630386,0.05725460265874313,1.0,,results/source_records/t1/run/datasets/t02/summary.json,/records/125
t1,t02,graph32_behavior,983,ring4,general,0,0.008333659329870286,0.011403494348586792,,,,0.0033166006885762787,0.023294810704440606,2.7952679348128804,,results/source_records/t1/run/datasets/t02/summary.json,/records/126
t1,t02,graph32_behavior,983,ring8,general,0,0.011493651512078276,0.015727519553484164,,,,0.003896459626143266,0.02257548264653646,1.964169752564072,,results/source_records/t1/run/datasets/t02/summary.json,/records/127
t1,t02,graph32_behavior,983,long8,general,0,0.16920052241769654,0.23152820685293932,,,,0.01904882075436481,0.2798340106713398,1.6538602048788484,,results/source_records/t1/run/datasets/t02/summary.json,/records/128
t1,t02,graph32_behavior,983,reset_iso,reset,0,0.040952151271363764,0.16711232115955152,0.28154858025032714,0.11634346638986204,0.061956910159122545,0.01723027830104631,0.11372417050605647,2.777001133651783,0.14809837488689204,results/source_records/t1/run/datasets/t02/summary.json,/records/129
t1,t02,graph32_behavior,983,reset_iso,reset,256,0.04053863745695757,0.16542490667187162,0.28267486959855964,0.11634346638986204,0.062188920838215846,0.0170035170719908,0.11336114401793547,2.7963728218122315,0.14614930773175294,results/source_records/t1/run/datasets/t02/summary.json,/records/130
t1,t02,graph32_behavior,983,reset_ring4,reset,0,0.04626888105944721,0.18880815466967146,0.3537631882470902,0.0807072013641175,0.04444736856873299,0.011408625211855034,0.09457054761997308,2.0439341832897773,0.14135820619505857,results/source_records/t1/run/datasets/t02/summary.json,/records/131
t1,t02,graph32_behavior,983,reset_ring4,reset,256,0.04501564104585811,0.18369409249859942,0.35782211705619793,0.0807072013641175,0.04671403757707419,0.012341960166959959,0.09428684969760524,2.0945353105502553,0.15292266313730965,results/source_records/t1/run/datasets/t02/summary.json,/records/132
t1,t02,graph32_behavior,983,reset_null,reset,0,0.0613787261803678,0.2504664854808303,,0.0,0.0,0.0197258842067981,0.0613787261803678,1.0,,results/source_records/t1/run/datasets/t02/summary.json,/records/133
t1,t02,graph32_behavior,983,reset_null,reset,256,0.06062116935195703,0.24737514409641523,,0.0,0.0,0.02002231338797689,0.06062116935195703,1.0,,results/source_records/t1/run/datasets/t02/summary.json,/records/134
t1,t02,node32_behavior,971,ring4,general,0,0.01178108942281663,0.016120839757842148,,,,0.002479288431391623,0.02405951407851335,2.042214706554802,,results/source_records/t1/run/datasets/t02/summary.json,/records/135
t1,t02,node32_behavior,971,ring8,general,0,0.01641813193933839,0.022466010113172192,,,,0.0026255178759397157,0.025137102895243846,1.5310574301705122,,results/source_records/t1/run/datasets/t02/summary.json,/records/136
t1,t02,node32_behavior,971,long8,general,0,0.2627030827255032,0.35947391183594646,,,,0.018784168722506947,0.3437731828394908,1.308599728914096,,results/source_records/t1/run/datasets/t02/summary.json,/records/137
t1,t02,node32_behavior,971,reset_iso,reset,0,0.04420655898404125,0.18039249350657488,0.3822049279849123,0.11634346638986204,0.03944905750954635,0.019086314216070866,0.09986929774473752,2.259151131414475,0.16405144876905622,results/source_records/t1/run/datasets/t02/summary.json,/records/138
t1,t02,node32_behavior,971,reset_iso,reset,256,0.22051411302980392,0.899845896560224,0.6464611924238326,0.11634346638986204,0.03754651546202282,0.04516710031629546,0.25985333594409105,1.1783977559249017,0.3882220610905851,results/source_records/t1/run/datasets/t02/summary.json,/records/139
t1,t02,node32_behavior,971,reset_ring4,reset,0,0.05683653023968538,0.23193127101116429,0.4239977407404793,0.0807072013641175,0.02981918511772325,0.015302600970601035,0.09498988795163273,1.671282317042416,0.18960638842576177,results/source_records/t1/run/datasets/t02/summary.json,/records/140
t1,t02,node32_behavior,971,reset_ring4,reset,256,0.2330227526608012,0.9508895594299205,0.6032386583399313,0.0807072013641175,0.030223120682646112,0.05137299755109349,0.26414506174955865,1.1335590998449003,0.6365354848487408,results/source_records/t1/run/datasets/t02/summary.json,/records/141
t1,t02,node32_behavior,971,reset_null,reset,0,0.0899991564692642,0.36725709085024966,,0.0,0.0,0.01742998098793968,0.0899991564692642,1.0,,results/source_records/t1/run/datasets/t02/summary.json,/records/142
t1,t02,node32_behavior,971,reset_null,reset,256,0.25539555155151844,1.042185626605712,,0.0,0.0,0.053079713999724894,0.25539555155151844,1.0,,results/source_records/t1/run/datasets/t02/summary.json,/records/143
t1,t02,node32_behavior,977,ring4,general,0,0.012201924780428098,0.016696696465232006,,,,0.0026369425243074913,0.02201122889338929,1.8039144880400613,,results/source_records/t1/run/datasets/t02/summary.json,/records/144
t1,t02,node32_behavior,977,ring8,general,0,0.015753325141446894,0.021556311232695424,,,,0.0023050702019509622,0.022372329823268765,1.420165560120848,,results/source_records/t1/run/datasets/t02/summary.json,/records/145
t1,t02,node32_behavior,977,long8,general,0,0.17876097669319693,0.24461040543883808,,,,0.015277022076878448,0.24038152597907367,1.3447091777286189,,results/source_records/t1/run/datasets/t02/summary.json,/records/146
t1,t02,node32_behavior,977,reset_iso,reset,0,0.04674216749669737,0.19073948166097204,0.42552983894608865,0.11634346638986204,0.03473720739272346,0.008755917419008706,0.09752869614901981,2.086524895447153,0.07525921042843951,results/source_records/t1/run/datasets/t02/summary.json,/records/147
t1,t02,node32_behavior,977,reset_iso,reset,256,0.0770725989215602,0.3145080417933355,0.4793465163998169,0.11634346638986204,0.043709601679933874,0.015606043868745206,0.1292147152153316,1.6765324774741082,0.13413769034910833,results/source_records/t1/run/datasets/t02/summary.json,/records/148
t1,t02,node32_behavior,977,reset_ring4,reset,0,0.04786848620185357,0.19533561952774364,0.461181525511261,0.0807072013641175,0.027809702816175678,0.009979618488788956,0.08351660318215658,1.7447095115976874,0.12365214404802671,results/source_records/t1/run/datasets/t02/summary.json,/records/149
t1,t02,node32_behavior,977,reset_ring4,reset,256,0.0981476273223587,0.40050833250391493,0.5063361745843591,0.0807072013641175,0.03739885641668159,0.016873642376562584,0.13676816843472736,1.39349439376178,0.20907232677336549,results/source_records/t1/run/datasets/t02/summary.json,/records/150
t1,t02,node32_behavior,977,reset_null,reset,0,0.08051557935484492,0.3285577176724012,,0.0,0.0,0.011260289801160159,0.08051557935484492,1.0,,results/source_records/t1/run/datasets/t02/summary.json,/records/151
t1,t02,node32_behavior,977,reset_null,reset,256,0.14486310096697416,0.5911388852943977,,0.0,0.0,0.018312818388443886,0.14486310096697416,1.0,,results/source_records/t1/run/datasets/t02/summary.json,/records/152
t1,t02,node32_behavior,983,ring4,general,0,0.015450878476270838,0.021142453562185422,,,,0.0027874095631887446,0.023702894285667433,1.534080688167335,,results/source_records/t1/run/datasets/t02/summary.json,/records/153
t1,t02,node32_behavior,983,ring8,general,0,0.01779699595172722,0.02435280045944742,,,,0.0025663050298977406,0.025583371758313055,1.4375106803252464,,results/source_records/t1/run/datasets/t02/summary.json,/records/154
t1,t02,node32_behavior,983,long8,general,0,0.19050182625809498,0.2606761823516323,,,,0.014899104465842278,0.2553524901517724,1.3404201690214597,,results/source_records/t1/run/datasets/t02/summary.json,/records/155
t1,t02,node32_behavior,983,reset_iso,reset,0,0.050295154762186246,0.20523805940483184,0.32685292911005287,0.11634346638986204,0.04591428887459429,0.01443797853305119,0.11241043101070584,2.235015113130145,0.12409788861430461,results/source_records/t1/run/datasets/t02/summary.json,/records/156
t1,t02,node32_behavior,983,reset_iso,reset,256,0.19127090818294293,0.7805139521229019,0.6040180498031349,0.11634346638986204,0.03184450636620206,0.019942480974636564,0.2302281177393494,1.2036755611530086,0.1714104074208186,results/source_records/t1/run/datasets/t02/summary.json,/records/157
t1,t02,node32_behavior,983,reset_ring4,reset,0,0.04793888829058757,0.19562290740145896,0.4689281130420505,0.0807072013641175,0.02837470599575403,0.011661917480583059,0.08355690412411099,1.7429879395120798,0.144496615958337,results/source_records/t1/run/datasets/t02/summary.json,/records/158
t1,t02,node32_behavior,983,reset_ring4,reset,256,0.2056674387413174,0.8392614797512412,0.7031823058103602,0.0807072013641175,0.019611032541655613,0.025279855447994482,0.22745061772091912,1.1059145731230697,0.3132292412661199,results/source_records/t1/run/datasets/t02/summary.json,/records/159
t1,t02,node32_behavior,983,reset_null,reset,0,0.08023715295080151,0.3274215506773272,,0.0,0.0,0.010788333585892818,0.08023715295080151,1.0,,results/source_records/t1/run/datasets/t02/summary.json,/records/160
t1,t02,node32_behavior,983,reset_null,reset,256,0.2779149051760028,1.1340797356663963,,0.0,0.0,0.02525403122007332,0.2779149051760028,1.0,,results/source_records/t1/run/datasets/t02/summary.json,/records/161
t1,t03,fixed_behavior,971,ring4,general,0,0.01608235823525273,0.021792287638955934,,,,0.005143989509320336,0.024138456108654477,1.5009276472739355,,results/source_records/t1/run/datasets/t03/summary.json,/records/0
t1,t03,fixed_behavior,971,ring8,general,0,0.019858875916591044,0.026909631649172493,,,,0.004352708576537775,0.033495996310736846,1.6867015258780436,,results/source_records/t1/run/datasets/t03/summary.json,/records/1
t1,t03,fixed_behavior,971,long8,general,0,0.07036982021594944,0.0953541353087194,,,,0.049516816913284974,0.1640858725731618,2.3317648399501163,,results/source_records/t1/run/datasets/t03/summary.json,/records/2
t1,t03,fixed_behavior,971,reset_iso,reset,0,0.03365369472834629,0.12613378826455585,0.4393561508076686,0.09532841666131771,0.04408814353874644,0.040024172361304296,0.08242041163923236,2.449074679750101,0.4198556292349003,results/source_records/t1/run/datasets/t03/summary.json,/records/3
t1,t03,fixed_behavior,971,reset_iso,reset,256,0.033192332366592275,0.12440460569127659,0.4432048115846363,0.09532841666131771,0.045042970168088454,0.040931741076339116,0.0822530192856024,2.4780728987996388,0.429376071793589,results/source_records/t1/run/datasets/t03/summary.json,/records/4
t1,t03,fixed_behavior,971,reset_ring4,reset,0,0.0286088606415552,0.10722578901901834,0.3201969150520441,0.08167569250342131,0.05076907244274303,0.02529735061367007,0.08175509079428048,2.857684261481173,0.3097292454864755,results/source_records/t1/run/datasets/t03/summary.json,/records/5
t1,t03,fixed_behavior,971,reset_ring4,reset,256,0.028133320342737567,0.10544346764698175,0.3200505164394051,0.08167569250342131,0.05076523300710333,0.025445444862954497,0.08128360932228697,2.88922915361712,0.31154244406178266,results/source_records/t1/run/datasets/t03/summary.json,/records/6
t1,t03,fixed_behavior,971,reset_null,reset,0,0.029933238340620935,0.11218954641994207,,0.0,0.0,0.03120462410472134,0.029933238340620935,1.0,,results/source_records/t1/run/datasets/t03/summary.json,/records/7
t1,t03,fixed_behavior,971,reset_null,reset,256,0.02941750622951413,0.11025658644545268,,0.0,0.0,0.03168398357428136,0.02941750622951413,1.0,,results/source_records/t1/run/datasets/t03/summary.json,/records/8
t1,t03,fixed_behavior,977,ring4,general,0,0.01860885888622371,0.02521580476875601,,,,0.005673410225826848,0.029354309696806493,1.577437384864997,,results/source_records/t1/run/datasets/t03/summary.json,/records/9
t1,t03,fixed_behavior,977,ring8,general,0,0.019635291639498263,0.026606665330012064,,,,0.006150207894412472,0.036259155955257354,1.8466319024423656,,results/source_records/t1/run/datasets/t03/summary.json,/records/10
t1,t03,fixed_behavior,977,long8,general,0,0.07835810837892636,0.10617860960807107,,,,0.09022609250086623,0.169451671790216,2.162528872835684,,results/source_records/t1/run/datasets/t03/summary.json,/records/11
t1,t03,fixed_behavior,977,reset_iso,reset,0,0.04710155282661157,0.1765362566909917,0.47736148410024515,0.09532841666131771,0.04239519254048222,0.052613877267190634,0.09321030012880897,1.9789220213594902,0.551922282042268,results/source_records/t1/run/datasets/t03/summary.json,/records/12
t1,t03,fixed_behavior,977,reset_iso,reset,256,0.04559969878634527,0.1709073193321567,0.48454232392858715,0.09532841666131771,0.041813375661962776,0.05213593964322499,0.09107526868299058,1.9972778572445937,0.5469086917540368,results/source_records/t1/run/datasets/t03/summary.json,/records/13
t1,t03,fixed_behavior,977,reset_ring4,reset,0,0.03744453626866345,0.14034183311818976,0.35382511803241773,0.08167569250342131,0.059364842472181434,0.0445600277479341,0.09351534794907324,2.4974364024193902,0.5455726958919573,results/source_records/t1/run/datasets/t03/summary.json,/records/14
t1,t03,fixed_behavior,977,reset_ring4,reset,256,0.03670916168884387,0.1375856548651086,0.35256569978236885,0.08167569250342131,0.05992029709275574,0.044686070897173996,0.0931091326823492,2.5364004079299263,0.5471159108360439,results/source_records/t1/run/datasets/t03/summary.json,/records/15
t1,t03,fixed_behavior,977,reset_null,reset,0,0.04801266751349224,0.17995110750982127,,0.0,0.0,0.05470568796449197,0.04801266751349224,1.0,,results/source_records/t1/run/datasets/t03/summary.json,/records/16
t1,t03,fixed_behavior,977,reset_null,reset,256,0.045962055509390386,0.17226542953520416,,0.0,0.0,0.0543935494992801,0.045962055509390386,1.0,,results/source_records/t1/run/datasets/t03/summary.json,/records/17
t1,t03,fixed_behavior,983,ring4,general,0,0.015395985490278702,0.020862223026091732,,,,0.0037144670856604123,0.025592032158979993,1.6622535904011637,,results/source_records/t1/run/datasets/t03/summary.json,/records/18
t1,t03,fixed_behavior,983,ring8,general,0,0.017421469488250258,0.023606841025903685,,,,0.003885849065089116,0.03216801633509397,1.8464582655779627,,results/source_records/t1/run/datasets/t03/summary.json,/records/19
t1,t03,fixed_behavior,983,long8,general,0,0.07031201105371386,0.09527580140562034,,,,0.030069437005763835,0.175398833690292,2.494578537318447,,results/source_records/t1/run/datasets/t03/summary.json,/records/20
t1,t03,fixed_behavior,983,reset_iso,reset,0,0.03136894551114606,0.11757056582119041,0.41601571723975944,0.09532841666131771,0.048049725417325405,0.022863513779601264,0.08322895662716946,2.653227747091353,0.23983943697324414,results/source_records/t1/run/datasets/t03/summary.json,/records/21
t1,t03,fixed_behavior,983,reset_iso,reset,256,0.0313482283537258,0.11749291807497461,0.41262315800713373,0.09532841666131771,0.04743952193635612,0.023145910063657335,0.08306484142898725,2.6497459598578823,0.2428017885358361,results/source_records/t1/run/datasets/t03/summary.json,/records/22
t1,t03,fixed_behavior,983,reset_ring4,reset,0,0.027741089841603717,0.1039733907540798,0.3270773371146904,0.08167569250342131,0.05557589190606668,0.018643628649580555,0.08300974807325795,2.9923030618922195,0.22826410255168136,results/source_records/t1/run/datasets/t03/summary.json,/records/23
t1,t03,fixed_behavior,983,reset_ring4,reset,256,0.027910222151995272,0.10460729734887798,0.32793308413251493,0.08167569250342131,0.05556733240583903,0.018607284466210974,0.08313965380360093,2.9788245092007397,0.22781912091448178,results/source_records/t1/run/datasets/t03/summary.json,/records/24
t1,t03,fixed_behavior,983,reset_null,reset,0,0.03143934620199398,0.11783442706747463,,0.0,0.0,0.029284412536188558,0.03143934620199398,1.0,,results/source_records/t1/run/datasets/t03/summary.json,/records/25
t1,t03,fixed_behavior,983,reset_null,reset,256,0.031016474290329332,0.11624950640424624,,0.0,0.0,0.028988104743934522,0.031016474290329332,1.0,,results/source_records/t1/run/datasets/t03/summary.json,/records/26
t1,t03,free_behavior,971,ring4,general,0,0.017033720403577386,0.02308142432635456,,,,0.0019201800962409185,0.024401448596697007,1.4325378143210725,,results/source_records/t1/run/datasets/t03/summary.json,/records/27
t1,t03,free_behavior,971,ring8,general,0,0.019200725830511082,0.02601780995389282,,,,0.0021091630632354003,0.031010840273106244,1.615086874675758,,results/source_records/t1/run/datasets/t03/summary.json,/records/28
t1,t03,free_behavior,971,long8,general,0,0.1593945939546698,0.21598653560275982,,,,0.012727189174830338,0.21360881667516093,1.3401258560620264,,results/source_records/t1/run/datasets/t03/summary.json,/records/29
t1,t03,free_behavior,971,reset_iso,reset,0,0.0671826479810982,0.25180004644073845,0.5395302141940204,0.09532841666131771,0.01835767227462638,0.010105011726178198,0.09830941186928395,1.4633155260111694,0.10600209339550062,results/source_records/t1/run/datasets/t03/summary.json,/records/30
t1,t03,free_behavior,971,reset_iso,reset,256,0.057308841548751356,0.2147930960908312,0.7251842053358537,0.09532841666131771,0.004163841190496745,0.002460437251625846,0.072489639398038,1.264894516082177,0.025810113477152088,results/source_records/t1/run/datasets/t03/summary.json,/records/31
t1,t03,free_behavior,971,reset_ring4,reset,0,0.06256925522327425,0.23450908596838155,0.41644536093644763,0.08167569250342131,0.028090957044888547,0.00789771927760232,0.10044584837573552,1.6053547068332705,0.09669607977026326,results/source_records/t1/run/datasets/t03/summary.json,/records/32
t1,t03,free_behavior,971,reset_ring4,reset,256,0.05461222277267122,0.20468618971761138,0.6420864897378872,0.08167569250342131,0.005880111249525063,0.0018514043493278326,0.07216869531452631,1.3214751506258158,0.02266775208854555,results/source_records/t1/run/datasets/t03/summary.json,/records/33
t1,t03,free_behavior,971,reset_null,reset,0,0.06357274548295537,0.23827015972155702,,0.0,0.0,0.009761085671712185,0.06357274548295537,1.0,,results/source_records/t1/run/datasets/t03/summary.json,/records/34
t1,t03,free_behavior,971,reset_null,reset,256,0.06116910263975511,0.2292613248849924,,0.0,0.0,0.002040446612738501,0.06116910263975511,1.0,,results/source_records/t1/run/datasets/t03/summary.json,/records/35
t1,t03,free_behavior,977,ring4,general,0,0.019707414687464214,0.02670439516438592,,,,0.0003546744124201977,0.020127500675380765,1.0213161388532492,,results/source_records/t1/run/datasets/t03/summary.json,/records/36
t1,t03,free_behavior,977,ring8,general,0,0.022995547768948948,0.03115995702034627,,,,0.0005293420013003622,0.02255568160561852,0.980871681433726,,results/source_records/t1/run/datasets/t03/summary.json,/records/37
t1,t03,free_behavior,977,long8,general,0,0.10303076945454119,0.13961112734665015,,,,0.0009388017349065664,0.10357457755047532,1.0052781135073834,,results/source_records/t1/run/datasets/t03/summary.json,/records/38
t1,t03,free_behavior,977,reset_iso,reset,0,0.044564001818945896,0.16702553508686965,0.993682161901913,0.09532841666131771,6.564925733037751e-05,0.0015964761034688484,0.04489796119801795,1.007493927058635,0.016747116540714195,results/source_records/t1/run/datasets/t03/summary.json,/records/39
t1,t03,free_behavior,977,reset_iso,reset,256,0.044227148893605656,0.16576301292090448,0.9998606365576569,0.09532841666131771,3.153467017693014e-07,2.1040442680307026e-06,0.044233949215154666,1.0001537589855807,2.2071532725713256e-05,results/source_records/t1/run/datasets/t03/summary.json,/records/40
t1,t03,free_behavior,977,reset_ring4,reset,0,0.041439728131568675,0.1553157814046912,0.9964912320174737,0.08167569250342131,0.00013120962092788625,0.0006448397156232068,0.041648623470041786,1.005040943748711,0.007895123945183508,results/source_records/t1/run/datasets/t03/summary.json,/records/41
t1,t03,free_behavior,977,reset_ring4,reset,256,0.04260628894725571,0.15968804234398293,1.0004064087859101,0.08167569250342131,1.0810645641879728e-06,3.901250582240787e-06,0.04259023261996656,0.9996231465427786,4.7765136268386915e-05,results/source_records/t1/run/datasets/t03/summary.json,/records/42
t1,t03,free_behavior,977,reset_null,reset,0,0.05173815294981801,0.1939141981897994,,0.0,0.0,0.001191078996504341,0.05173815294981801,1.0,,results/source_records/t1/run/datasets/t03/summary.json,/records/43
t1,t03,free_behavior,977,reset_null,reset,256,0.04960645508254307,0.18592461102544008,,0.0,0.0,1.3852195345665236e-06,0.04960645508254307,1.0,,results/source_records/t1/run/datasets/t03/summary.json,/records/44
t1,t03,free_behavior,983,ring4,general,0,0.01865566554456379,0.025279229805497794,,,,8.969607545763141e-05,0.01857401143692106,0.995623093293151,,results/source_records/t1/run/datasets/t03/summary.json,/records/45
t1,t03,free_behavior,983,ring8,general,0,0.015894907845234365,0.02153828429208605,,,,0.00010972602716112571,0.015770249876734883,0.9921573645023141,,results/source_records/t1/run/datasets/t03/summary.json,/records/46
t1,t03,free_behavior,983,long8,general,0,0.09570627791071225,0.1296861260379281,,,,0.00013054846746990504,0.09637536921465921,1.0069910910606217,,results/source_records/t1/run/datasets/t03/summary.json,/records/47
t1,t03,free_behavior,983,reset_iso,reset,0,0.045476260478222175,0.17044467350541426,1.002020522103305,0.09532841666131771,1.5636624342815546e-05,0.0001132502384063994,0.04538777220325411,0.9980541875247099,0.0011880008330438787,results/source_records/t1/run/datasets/t03/summary.json,/records/48
t1,t03,free_behavior,983,reset_iso,reset,256,0.04567394460778882,0.17118559209825512,1.0000831743408325,0.09532841666131771,2.1258104274002265e-08,1.604632279487225e-07,0.04566999079771111,0.9999134340133821,1.6832675247173717e-06,results/source_records/t1/run/datasets/t03/summary.json,/records/49
t1,t03,free_behavior,983,reset_ring4,reset,0,0.041077502694673654,0.1539581632611217,0.9969249195443239,0.08167569250342131,2.1896078165491368e-05,8.152083332447556e-05,0.041214030395831915,1.003323661181963,0.0009981039747053353,results/source_records/t1/run/datasets/t03/summary.json,/records/50
t1,t03,free_behavior,983,reset_ring4,reset,256,0.041119057588221646,0.15411391068161884,0.9999492483397158,0.08167569250342131,6.177337902974502e-08,2.720794887841979e-07,0.04112116106338227,1.0000511557239877,3.331217409302049e-06,results/source_records/t1/run/datasets/t03/summary.json,/records/51
t1,t03,free_behavior,983,reset_null,reset,0,0.05390632484462893,0.20204048972803254,,0.0,0.0,0.00011973583989405279,0.05390632484462893,1.0,,results/source_records/t1/run/datasets/t03/summary.json,/records/52
t1,t03,free_behavior,983,reset_null,reset,256,0.05355961809873813,0.20074103551864828,,0.0,0.0,1.6721606790447153e-07,0.05355961809873813,1.0,,results/source_records/t1/run/datasets/t03/summary.json,/records/53
t1,t03,gru4_behavior,971,ring4,general,0,0.011765000194252537,0.01594208166209865,,,,0.0030218551820204143,0.019065437964586603,1.6205216871904933,,results/source_records/t1/run/datasets/t03/summary.json,/records/54
t1,t03,gru4_behavior,971,ring8,general,0,0.014813271031806801,0.020072619853183767,,,,0.0036449411533897784,0.023922612123350753,1.6149446041987978,,results/source_records/t1/run/datasets/t03/summary.json,/records/55
t1,t03,gru4_behavior,971,long8,general,0,0.2690498586353595,0.36457413911785364,,,,0.02010056743698996,0.3459018337064998,1.2856421313913307,,results/source_records/t1/run/datasets/t03/summary.json,/records/56
t1,t03,gru4_behavior,971,reset_iso,reset,0,0.07893426406620511,0.2958450128852909,0.5046712260328985,0.09532841666131771,0.032904881067486486,0.01633862889843025,0.11899615839242045,1.5075349064205366,0.17139305855124023,results/source_records/t1/run/datasets/t03/summary.json,/records/57
t1,t03,gru4_behavior,971,reset_iso,reset,256,0.07913303977462521,0.29659002270725493,0.5045751165603912,0.09532841666131771,0.03407853854464659,0.01664976060689169,0.11978634371830355,1.5137336321144865,0.17465684619566135,results/source_records/t1/run/datasets/t03/summary.json,/records/58
t1,t03,gru4_behavior,971,reset_ring4,reset,0,0.06239301855927351,0.23384855231105336,0.37826639136565254,0.08167569250342131,0.040107948107346934,0.010802976228832037,0.10783725411553917,1.7283544955128838,0.13226672339973747,results/source_records/t1/run/datasets/t03/summary.json,/records/59
t1,t03,gru4_behavior,971,reset_ring4,reset,256,0.06224776411062246,0.23330413975788414,0.3792195793404276,0.08167569250342131,0.04020069211968271,0.010858793663671316,0.10769944555006633,1.73017371931095,0.13295012666365152,results/source_records/t1/run/datasets/t03/summary.json,/records/60
t1,t03,gru4_behavior,971,reset_null,reset,0,0.03808524311665665,0.14274319744257566,,0.0,0.0,0.014643569561743489,0.03808524311665665,1.0,,results/source_records/t1/run/datasets/t03/summary.json,/records/61
t1,t03,gru4_behavior,971,reset_null,reset,256,0.03780536385421141,0.1416942121256924,,0.0,0.0,0.015173907344448853,0.03780536385421141,1.0,,results/source_records/t1/run/datasets/t03/summary.json,/records/62
t1,t03,gru4_behavior,977,ring4,general,0,0.014524595475207465,0.019681452048579174,,,,0.0024436339984742557,0.022143771054111763,1.5245705873123787,,results/source_records/t1/run/datasets/t03/summary.json,/records/63
t1,t03,gru4_behavior,977,ring8,general,0,0.015624054330558476,0.021171266121398823,,,,0.0020490131812977985,0.024108415487871234,1.5430319799079633,,results/source_records/t1/run/datasets/t03/summary.json,/records/64
t1,t03,gru4_behavior,977,long8,general,0,0.30062451055031836,0.40735915152495233,,,,0.020432223111615428,0.36375637968355395,1.2100024013932444,,results/source_records/t1/run/datasets/t03/summary.json,/records/65
t1,t03,gru4_behavior,977,reset_iso,reset,0,0.08275187913559626,0.31015340471938485,0.485077164260335,0.09532841666131771,0.02778568002699859,0.011806313374013023,0.12118810842253684,1.4644756069401086,0.12384883529491977,results/source_records/t1/run/datasets/t03/summary.json,/records/66
t1,t03,gru4_behavior,977,reset_iso,reset,256,0.0827878475480233,0.3102882140517303,0.4880254632699097,0.09532841666131771,0.02747950222495542,0.01172971902086555,0.12093045957209321,1.4607271858583382,0.12304535658594681,results/source_records/t1/run/datasets/t03/summary.json,/records/67
t1,t03,gru4_behavior,977,reset_ring4,reset,0,0.07219724709254156,0.2705947252318807,0.41644332843505544,0.08167569250342131,0.03028373574443101,0.008189430839393106,0.11117031259832645,1.5398137335600854,0.10026766334488146,results/source_records/t1/run/datasets/t03/summary.json,/records/68
t1,t03,gru4_behavior,977,reset_ring4,reset,256,0.07221934655397853,0.27067755384288916,0.4161539131411055,0.08167569250342131,0.030338885210032075,0.008154242922073883,0.11123180591226699,1.540194023067345,0.09983683850286681,results/source_records/t1/run/datasets/t03/summary.json,/records/69
t1,t03,gru4_behavior,977,reset_null,reset,0,0.04524541487058114,0.16957946594853132,,0.0,0.0,0.011170946312657875,0.04524541487058114,1.0,,results/source_records/t1/run/datasets/t03/summary.json,/records/70
t1,t03,gru4_behavior,977,reset_null,reset,256,0.045229423254926064,0.16951952949640245,,0.0,0.0,0.010956301193098613,0.045229423254926064,1.0,,results/source_records/t1/run/datasets/t03/summary.json,/records/71
t1,t03,gru4_behavior,983,ring4,general,0,0.01283931421641086,0.017397823403637463,,,,0.0037372512228746077,0.019759427942947386,1.538978453980932,,results/source_records/t1/run/datasets/t03/summary.json,/records/72
t1,t03,gru4_behavior,983,ring8,general,0,0.015068380352695898,0.02041830396361526,,,,0.003971947300627641,0.02695180127962705,1.7886329286083544,,results/source_records/t1/run/datasets/t03/summary.json,/records/73
t1,t03,gru4_behavior,983,long8,general,0,0.3100600297375366,0.42014468615506784,,,,0.026900549391498663,0.38291333109838793,1.2349651498857208,,results/source_records/t1/run/datasets/t03/summary.json,/records/74
t1,t03,gru4_behavior,983,reset_iso,reset,0,0.08588125173399482,0.32188226908074236,0.46102155194623395,0.09532841666131771,0.037390049562821576,0.01356007856547386,0.130266257469046,1.516818337400665,0.14224592246874335,results/source_records/t1/run/datasets/t03/summary.json,/records/75
t1,t03,gru4_behavior,983,reset_iso,reset,256,0.08600974279211793,0.32236385257551203,0.46157260319385107,0.09532841666131771,0.03607653224520603,0.01352439680385679,0.129711724308015,1.508105013422991,0.14187161895184092,results/source_records/t1/run/datasets/t03/summary.json,/records/76
t1,t03,gru4_behavior,983,reset_ring4,reset,0,0.0671074852755764,0.25151833720018685,0.39425334662558714,0.08167569250342131,0.04369455602834974,0.012697936564251023,0.1136921519776381,1.6941798893336877,0.155467755155172,results/source_records/t1/run/datasets/t03/summary.json,/records/77
t1,t03,gru4_behavior,983,reset_ring4,reset,256,0.06736069053095776,0.2524673485443364,0.39187647521663793,0.08167569250342131,0.044132365003027224,0.012976214035659418,0.11426132803196197,1.6962612338341383,0.1588748578423851,results/source_records/t1/run/datasets/t03/summary.json,/records/78
t1,t03,gru4_behavior,983,reset_null,reset,0,0.04656908935905427,0.174540587721578,,0.0,0.0,0.01771005285845888,0.04656908935905427,1.0,,results/source_records/t1/run/datasets/t03/summary.json,/records/79
t1,t03,gru4_behavior,983,reset_null,reset,256,0.04790230448256045,0.17953746772113977,,0.0,0.0,0.018500105060524855,0.04790230448256045,1.0,,results/source_records/t1/run/datasets/t03/summary.json,/records/80
t1,t03,gru32_behavior,971,ring4,general,0,0.008886363752338092,0.0120414053786497,,,,0.0030366699103488264,0.018893557461896113,2.1261292007009085,,results/source_records/t1/run/datasets/t03/summary.json,/records/81
t1,t03,gru32_behavior,971,ring8,general,0,0.007420588308275269,0.010055216560823416,,,,0.0021825545989523558,0.021783260278165847,2.935516615828648,,results/source_records/t1/run/datasets/t03/summary.json,/records/82
t1,t03,gru32_behavior,971,long8,general,0,0.09946224519050928,0.1347756233695088,,,,0.01614270995791939,0.20263442871789214,2.0372999657283786,,results/source_records/t1/run/datasets/t03/summary.json,/records/83
t1,t03,gru32_behavior,971,reset_iso,reset,0,0.02927667072008358,0.10972873604239779,0.28535379236084524,0.09532841666131771,0.03208317026001625,0.008970667041443723,0.07938130148629063,2.711418325029548,0.0941027592361537,results/source_records/t1/run/datasets/t03/summary.json,/records/84
t1,t03,gru32_behavior,971,reset_iso,reset,256,0.030089036230701593,0.11277347571026591,0.2798280697855213,0.09532841666131771,0.03303757144104557,0.009733737476939529,0.08093424681602349,2.6898251640722735,0.1021074074011058,results/source_records/t1/run/datasets/t03/summary.json,/records/85
t1,t03,gru32_behavior,971,reset_ring4,reset,0,0.023792228709353918,0.08917308968871722,0.21355768201954634,0.08167569250342131,0.04430791396083372,0.012117231589402278,0.07806279613151522,3.281020751991377,0.14835786778171117,results/source_records/t1/run/datasets/t03/summary.json,/records/86
t1,t03,gru32_behavior,971,reset_ring4,reset,256,0.026257157099622595,0.09841162228298729,0.21648234928390925,0.08167569250342131,0.044687658586958744,0.012628867023328131,0.08059815979037126,3.0695691648784678,0.1546220991367673,results/source_records/t1/run/datasets/t03/summary.json,/records/87
t1,t03,gru32_behavior,971,reset_null,reset,0,0.01879831327903378,0.07045593317488766,,0.0,0.0,0.010324938745450173,0.01879831327903378,1.0,,results/source_records/t1/run/datasets/t03/summary.json,/records/88
t1,t03,gru32_behavior,971,reset_null,reset,256,0.020045643574971257,0.07513091750316782,,0.0,0.0,0.010807108717190516,0.020045643574971257,1.0,,results/source_records/t1/run/datasets/t03/summary.json,/records/89
t1,t03,gru32_behavior,977,ring4,general,0,0.0055911314924613235,0.007576223830399424,,,,0.002818662439654161,0.01687543018133268,3.0182495625592574,,results/source_records/t1/run/datasets/t03/summary.json,/records/90
t1,t03,gru32_behavior,977,ring8,general,0,0.007147851530334444,0.009685646487351221,,,,0.0026559112389013457,0.02208829772777403,3.0902009693450543,,results/source_records/t1/run/datasets/t03/summary.json,/records/91
t1,t03,gru32_behavior,977,long8,general,0,0.08301216376022241,0.11248505497343515,,,,0.011567977050713154,0.1784432569981781,2.1496037317326757,,results/source_records/t1/run/datasets/t03/summary.json,/records/92
t1,t03,gru32_behavior,977,reset_iso,reset,0,0.024934206607211674,0.09345321404159748,0.2771144911689954,0.09532841666131771,0.031201957726706548,0.006957167709883139,0.07499095082684426,3.007553118018793,0.07298104755689509,results/source_records/t1/run/datasets/t03/summary.json,/records/93
t1,t03,gru32_behavior,977,reset_iso,reset,256,0.02394512082433343,0.08974612815637477,0.2758180775596855,0.09532841666131771,0.031181541422327434,0.006888955001209194,0.07405344945412824,3.0926321064487547,0.07226549273008737,results/source_records/t1/run/datasets/t03/summary.json,/records/94
t1,t03,gru32_behavior,977,reset_ring4,reset,0,0.022900649105696096,0.08583145621112911,0.23621778117584882,0.08167569250342131,0.038531958668880144,0.007639892404982625,0.07335784923699606,3.2033087314869912,0.0935393649054472,results/source_records/t1/run/datasets/t03/summary.json,/records/95
t1,t03,gru32_behavior,977,reset_ring4,reset,256,0.021813736544530993,0.08175771631544362,0.22846416711831988,0.08167569250342131,0.03940365905929665,0.007739477305959658,0.07302342779280574,3.3475891507048448,0.09475863710167451,results/source_records/t1/run/datasets/t03/summary.json,/records/96
t1,t03,gru32_behavior,977,reset_null,reset,0,0.018656561753694307,0.06992464955127152,,0.0,0.0,0.00714791676113536,0.018656561753694307,1.0,,results/source_records/t1/run/datasets/t03/summary.json,/records/97
t1,t03,gru32_behavior,977,reset_null,reset,256,0.017658931025241045,0.06618553727594241,,0.0,0.0,0.007343490919230756,0.017658931025241045,1.0,,results/source_records/t1/run/datasets/t03/summary.json,/records/98
t1,t03,gru32_behavior,983,ring4,general,0,0.007044666845180766,0.009545826797607274,,,,0.0026796650472845295,0.017223977179912652,2.4449668889161904,,results/source_records/t1/run/datasets/t03/summary.json,/records/99
t1,t03,gru32_behavior,983,ring8,general,0,0.006749280195858209,0.0091455651734983,,,,0.002446222550782958,0.02431894517161497,3.6031909279064505,,results/source_records/t1/run/datasets/t03/summary.json,/records/100
t1,t03,gru32_behavior,983,long8,general,0,0.09845449335318814,0.13341007625344906,,,,0.01505640362591929,0.19076034816219978,1.9375484212577343,,results/source_records/t1/run/datasets/t03/summary.json,/records/101
t1,t03,gru32_behavior,983,reset_iso,reset,0,0.03007224500987692,0.11271054234412888,0.30468959725290246,0.09532841666131771,0.03544086303475726,0.009551773178460699,0.08093409635092405,2.6913220587402797,0.10019859253926547,results/source_records/t1/run/datasets/t03/summary.json,/records/102
t1,t03,gru32_behavior,983,reset_iso,reset,256,0.02693710644690757,0.10096006719203399,0.2852688460333038,0.09532841666131771,0.03584773665473239,0.009731405061468803,0.07892806932702838,2.9300871451279975,0.10208294024270315,results/source_records/t1/run/datasets/t03/summary.json,/records/103
t1,t03,gru32_behavior,983,reset_ring4,reset,0,0.030489879817704003,0.11427583438256886,0.23706784339939166,0.08167569250342131,0.0441214766402336,0.008634765478022007,0.08370712427329315,2.745406829209227,0.10572013794263581,results/source_records/t1/run/datasets/t03/summary.json,/records/104
t1,t03,gru32_behavior,983,reset_ring4,reset,256,0.027626741603708472,0.10354481444043792,0.22443009471998646,0.08167569250342131,0.04554353404943313,0.009028463546379558,0.08207111318800643,2.970712737870963,0.11054039787910418,results/source_records/t1/run/datasets/t03/summary.json,/records/105
t1,t03,gru32_behavior,983,reset_null,reset,0,0.023886482940310955,0.08952635381934357,,0.0,0.0,0.008006958308914866,0.023886482940310955,1.0,,results/source_records/t1/run/datasets/t03/summary.json,/records/106
t1,t03,gru32_behavior,983,reset_null,reset,256,0.020903081475077096,0.07834458813918448,,0.0,0.0,0.008234472488295954,0.020903081475077096,1.0,,results/source_records/t1/run/datasets/t03/summary.json,/records/107
t1,t03,graph32_behavior,971,ring4,general,0,0.010031066462387168,0.013592526822008707,,,,0.0025938063147399816,0.022906378438996705,2.2835436815105603,,results/source_records/t1/run/datasets/t03/summary.json,/records/108
t1,t03,graph32_behavior,971,ring8,general,0,0.009762629348829488,0.01322878297884539,,,,0.002284262105428644,0.024114889005983995,2.4701223558052323,,results/source_records/t1/run/datasets/t03/summary.json,/records/109
t1,t03,graph32_behavior,971,long8,general,0,0.2035461762740132,0.2758138300544589,,,,0.011473094543012999,0.2635296171637555,1.2946920545881089,,results/source_records/t1/run/datasets/t03/summary.json,/records/110
t1,t03,graph32_behavior,971,reset_iso,reset,0,0.042936104968275414,0.1609241902468317,0.3992726032726679,0.09532841666131771,0.02511996823904623,0.010078299505921182,0.08412928479993041,1.959406538205824,0.10572188082937863,results/source_records/t1/run/datasets/t03/summary.json,/records/111
t1,t03,graph32_behavior,971,reset_iso,reset,256,0.041949140358622426,0.15722505450249621,0.3895440919838415,0.09532841666131771,0.025604470911200286,0.010548996373287774,0.08384827331405169,1.998807903981687,0.11065951520800132,results/source_records/t1/run/datasets/t03/summary.json,/records/112
t1,t03,graph32_behavior,971,reset_ring4,reset,0,0.05596379915145417,0.2097518875603267,0.4121897462490144,0.08167569250342131,0.025379875096010678,0.006324954947573861,0.09265864150934251,1.6556889080846982,0.07743986924027507,results/source_records/t1/run/datasets/t03/summary.json,/records/113
t1,t03,graph32_behavior,971,reset_ring4,reset,256,0.05692375184826984,0.21334978286369585,0.4130949166493711,0.08167569250342131,0.02818284100944014,0.009710653379007554,0.09498311188920987,1.6686024516161055,0.11889281965501283,results/source_records/t1/run/datasets/t03/summary.json,/records/114
t1,t03,graph32_behavior,971,reset_null,reset,0,0.03212562257900823,0.12040658563514509,,0.0,0.0,0.009583644322581865,0.03212562257900823,1.0,,results/source_records/t1/run/datasets/t03/summary.json,/records/115
t1,t03,graph32_behavior,971,reset_null,reset,256,0.03132929822665439,0.11742196810472261,,0.0,0.0,0.009964754516443266,0.03132929822665439,1.0,,results/source_records/t1/run/datasets/t03/summary.json,/records/116
t1,t03,graph32_behavior,977,ring4,general,0,0.012180162635897303,0.016504644640293113,,,,0.003827007943334759,0.027690182401837366,2.2733836344868683,,results/source_records/t1/run/datasets/t03/summary.json,/records/117
t1,t03,graph32_behavior,977,ring8,general,0,0.010397672276715881,0.014089293480175331,,,,0.0034949824019780544,0.029310225611083773,2.818921853953782,,results/source_records/t1/run/datasets/t03/summary.json,/records/118
t1,t03,graph32_behavior,977,long8,general,0,0.16596701692064955,0.2248924516173374,,,,0.013519859533119008,0.24954483325216895,1.5035808793953245,,results/source_records/t1/run/datasets/t03/summary.json,/records/119
t1,t03,graph32_behavior,977,reset_iso,reset,0,0.028248804904148023,0.10587630289239396,0.2829765582914721,0.09532841666131771,0.03873946304010048,0.013633986009600618,0.08179489099569026,2.8955168642790827,0.14302121536371856,results/source_records/t1/run/datasets/t03/summary.json,/records/120
t1,t03,graph32_behavior,977,reset_iso,reset,256,0.02450044690877504,0.09182748603752723,0.27649764919659614,0.09532841666131771,0.03689531303465449,0.011082879459575742,0.0774332700781257,3.160483984902019,0.11625997627707316,results/source_records/t1/run/datasets/t03/summary.json,/records/121
t1,t03,graph32_behavior,977,reset_ring4,reset,0,0.03984827780613733,0.14935103786013065,0.2980212276286548,0.08167569250342131,0.0427075462007159,0.009766069603982633,0.0898693521204706,2.255288234981868,0.11957131068798153,results/source_records/t1/run/datasets/t03/summary.json,/records/122
t1,t03,graph32_behavior,977,reset_ring4,reset,256,0.04208840182886886,0.1577470054188299,0.3115691334557236,0.08167569250342131,0.04561356763300641,0.010413095093423207,0.09300921954029151,2.209853914588307,0.1274931962528143,results/source_records/t1/run/datasets/t03/summary.json,/records/123
t1,t03,graph32_behavior,977,reset_null,reset,0,0.020818496498063787,0.07802756429775846,,0.0,0.0,0.010374015441659274,0.020818496498063787,1.0,,results/source_records/t1/run/datasets/t03/summary.json,/records/124
t1,t03,graph32_behavior,977,reset_null,reset,256,0.018865434558435232,0.07070750321236523,,0.0,0.0,0.009898114184544676,0.018865434558435232,1.0,,results/source_records/t1/run/datasets/t03/summary.json,/records/125
t1,t03,graph32_behavior,983,ring4,general,0,0.008156985486059632,0.011053066433338709,,,,0.0026657423828933247,0.018787839327468903,2.3032821818277727,,results/source_records/t1/run/datasets/t03/summary.json,/records/126
t1,t03,graph32_behavior,983,ring8,general,0,0.007863751294256434,0.010655721481816328,,,,0.003274614572276149,0.024872957274108664,3.1629888005582654,,results/source_records/t1/run/datasets/t03/summary.json,/records/127
t1,t03,graph32_behavior,983,long8,general,0,0.11513247471367498,0.1560094588644013,,,,0.012229209062632066,0.18921253630256904,1.6434332430804175,,results/source_records/t1/run/datasets/t03/summary.json,/records/128
t1,t03,graph32_behavior,983,reset_iso,reset,0,0.0325061742087312,0.12183289020808037,0.3220108803603829,0.09532841666131771,0.0288162030629343,0.009893429010422235,0.07923009033623317,2.437385889445946,0.10378257981113394,results/source_records/t1/run/datasets/t03/summary.json,/records/129
t1,t03,graph32_behavior,983,reset_iso,reset,256,0.032678901754874444,0.12248027171874516,0.32504201729524973,0.09532841666131771,0.027796287528982794,0.009405789243772425,0.07874838331432464,2.409762234515069,0.09866721354650484,results/source_records/t1/run/datasets/t03/summary.json,/records/130
t1,t03,graph32_behavior,983,reset_ring4,reset,0,0.032930579989459786,0.1234235598007294,0.33343394562344897,0.08167569250342131,0.03289258688505714,0.006467953228561859,0.0765979955037026,2.3260445315029252,0.07919067509946026,results/source_records/t1/run/datasets/t03/summary.json,/records/131
t1,t03,graph32_behavior,983,reset_ring4,reset,256,0.032581853841170426,0.12211653688673135,0.3357377557637987,0.08167569250342131,0.03274583331904211,0.0064789181419927675,0.07608180986978968,2.3350976356554862,0.07932492450824793,results/source_records/t1/run/datasets/t03/summary.json,/records/132
t1,t03,graph32_behavior,983,reset_null,reset,0,0.02181324151182855,0.08175586093669314,,0.0,0.0,0.01103717436975788,0.02181324151182855,1.0,,results/source_records/t1/run/datasets/t03/summary.json,/records/133
t1,t03,graph32_behavior,983,reset_null,reset,256,0.021824931777382515,0.08179967596182018,,0.0,0.0,0.01070128220134986,0.021824931777382515,1.0,,results/source_records/t1/run/datasets/t03/summary.json,/records/134
t1,t03,node32_behavior,971,ring4,general,0,0.012103739763217514,0.01640108835835539,,,,0.0027297665289072095,0.018292127733889763,1.5112790006836037,,results/source_records/t1/run/datasets/t03/summary.json,/records/135
t1,t03,node32_behavior,971,ring8,general,0,0.014115548398188371,0.019127175652675087,,,,0.002549550730535846,0.02347641736747909,1.6631601341462667,,results/source_records/t1/run/datasets/t03/summary.json,/records/136
t1,t03,node32_behavior,971,long8,general,0,0.2531131555615738,0.34297922049209567,,,,0.016755486969858683,0.30511203199953735,1.2054372729959268,,results/source_records/t1/run/datasets/t03/summary.json,/records/137
t1,t03,node32_behavior,971,reset_iso,reset,0,0.03863520837184365,0.14480446297703095,0.5673276482500567,0.09532841666131771,0.016007929527036835,0.01588030262120862,0.06726215817621332,1.7409549737340684,0.16658519230029883,results/source_records/t1/run/datasets/t03/summary.json,/records/138
t1,t03,node32_behavior,971,reset_iso,reset,256,0.09548960064497823,0.35789428668810336,0.6576952679676228,0.09532841666131771,0.009945873129010912,0.014670498752062647,0.11677822122226651,1.222941769925685,0.1538942874104782,results/source_records/t1/run/datasets/t03/summary.json,/records/139
t1,t03,node32_behavior,971,reset_ring4,reset,0,0.04391843664833167,0.16460596180677328,0.42058517658239114,0.08167569250342131,0.02864947557799886,0.013132194834765507,0.08190522791186029,1.8649395143023977,0.16078461574372832,results/source_records/t1/run/datasets/t03/summary.json,/records/140
t1,t03,node32_behavior,971,reset_ring4,reset,256,0.08889776649337305,0.3331881431319455,0.5035603667443417,0.08167569250342131,0.018851020340438143,0.013119512891996296,0.11859680209050834,1.3340807848006981,0.1606293438093192,results/source_records/t1/run/datasets/t03/summary.json,/records/141
t1,t03,node32_behavior,971,reset_null,reset,0,0.04112152873826274,0.15412317253291244,,0.0,0.0,0.019125716650302053,0.04112152873826274,1.0,,results/source_records/t1/run/datasets/t03/summary.json,/records/142
t1,t03,node32_behavior,971,reset_null,reset,256,0.09182023215322,0.34414152188352376,,0.0,0.0,0.016893565392830424,0.09182023215322,1.0,,results/source_records/t1/run/datasets/t03/summary.json,/records/143
t1,t03,node32_behavior,977,ring4,general,0,0.01541438117089825,0.02088714996513335,,,,0.0020758444912729337,0.023300321036646,1.511596267038997,,results/source_records/t1/run/datasets/t03/summary.json,/records/144
t1,t03,node32_behavior,977,ring8,general,0,0.01550826129778172,0.021014361577926657,,,,0.0018922297700311186,0.024874062433858802,1.6039233513183553,,results/source_records/t1/run/datasets/t03/summary.json,/records/145
t1,t03,node32_behavior,977,long8,general,0,0.1923643978996156,0.2606620390617805,,,,0.011364781160261517,0.24400240458237477,1.26843848054309,,results/source_records/t1/run/datasets/t03/summary.json,/records/146
t1,t03,node32_behavior,977,reset_iso,reset,0,0.040750326650909434,0.15273190997266384,0.5193308835755179,0.09532841666131771,0.018145359346931997,0.011096806133501967,0.07273371916642872,1.7848622365535198,0.1164060678037551,results/source_records/t1/run/datasets/t03/summary.json,/records/147
t1,t03,node32_behavior,977,reset_iso,reset,256,0.06118131413085442,0.22930709345944308,0.6808605968875575,0.09532841666131771,0.012768066510182358,0.026919586871325906,0.08277687433674485,1.3529764032152352,0.2823878525850867,results/source_records/t1/run/datasets/t03/summary.json,/records/148
t1,t03,node32_behavior,977,reset_ring4,reset,0,0.04056364822017465,0.15203224065415577,0.41993503698844636,0.08167569250342131,0.02603971223298822,0.010424005056082477,0.07727210812537176,1.904959526962367,0.1276267728693678,results/source_records/t1/run/datasets/t03/summary.json,/records/149
t1,t03,node32_behavior,977,reset_ring4,reset,256,0.06547184663691635,0.24538797619847788,0.6766211914126663,0.08167569250342131,0.01775594640477624,0.028718237347640136,0.08755591388665955,1.337306313845302,0.3516130254596514,results/source_records/t1/run/datasets/t03/summary.json,/records/150
t1,t03,node32_behavior,977,reset_null,reset,0,0.03815098103322486,0.1429895826468244,,0.0,0.0,0.010362432221756772,0.03815098103322486,1.0,,results/source_records/t1/run/datasets/t03/summary.json,/records/151
t1,t03,node32_behavior,977,reset_null,reset,256,0.061436213139328955,0.23026245297712158,,0.0,0.0,0.025256007220426435,0.061436213139328955,1.0,,results/source_records/t1/run/datasets/t03/summary.json,/records/152
t1,t03,node32_behavior,983,ring4,general,0,0.010682624097127433,0.01447541546196534,,,,0.002348161538777901,0.015970146957327926,1.4949647963015298,,results/source_records/t1/run/datasets/t03/summary.json,/records/153
t1,t03,node32_behavior,983,ring8,general,0,0.012809414112565995,0.017357307475942624,,,,0.0024298289542302553,0.020090846918360012,1.5684438602582889,,results/source_records/t1/run/datasets/t03/summary.json,/records/154
t1,t03,node32_behavior,983,long8,general,0,0.21456214695987927,0.29074094449234517,,,,0.01783231113315852,0.2619769707933742,1.2209841041642866,,results/source_records/t1/run/datasets/t03/summary.json,/records/155
t1,t03,node32_behavior,983,reset_iso,reset,0,0.0478292793872832,0.17926377022729698,0.4996695442329263,0.09532841666131771,0.014966598140213576,0.01660873506490225,0.07916043344222255,1.6550622224776743,0.17422648614745878,results/source_records/t1/run/datasets/t03/summary.json,/records/156
t1,t03,node32_behavior,983,reset_iso,reset,256,0.1155217739770108,0.4329747178246355,0.5345826048353981,0.09532841666131771,0.016838899144833375,0.025535425943442158,0.14612497515810804,1.264912839610543,0.2678679331700671,results/source_records/t1/run/datasets/t03/summary.json,/records/157
t1,t03,node32_behavior,983,reset_ring4,reset,0,0.04140669731099906,0.15519198214396923,0.41219456794361686,0.08167569250342131,0.027227696143388668,0.012841980363042802,0.07902525323435171,1.9085138000938764,0.15723136185842396,results/source_records/t1/run/datasets/t03/summary.json,/records/158
t1,t03,node32_behavior,983,reset_ring4,reset,256,0.11031810858269997,0.41347142006360976,0.5024744701561732,0.08167569250342131,0.02894845073158064,0.016844298193894682,0.14511020508315728,1.3153797408915455,0.2062339195127007,results/source_records/t1/run/datasets/t03/summary.json,/records/159
t1,t03,node32_behavior,983,reset_null,reset,0,0.036252237407949466,0.13587310618465942,,0.0,0.0,0.010848067563378088,0.036252237407949466,1.0,,results/source_records/t1/run/datasets/t03/summary.json,/records/160
t1,t03,node32_behavior,983,reset_null,reset,256,0.0836225379922629,0.31341662739861564,,0.0,0.0,0.014350627007982127,0.0836225379922629,1.0,,results/source_records/t1/run/datasets/t03/summary.json,/records/161
